'[17:07:29.564]',0.480,0.425,1.065,0.199,1.481,63.380
'[17:07:29.572]',0.485,0.425,1.075,0.200,1.474,63.067
'[17:07:29.580]',0.490,0.425,1.081,0.202,1.467,62.755
'[17:07:29.588]',0.500,0.420,1.085,0.203,1.460,62.481
'[17:07:29.596]',0.505,0.415,1.095,0.205,1.454,62.169
'[17:07:29.604]',0.510,0.415,1.105,0.207,1.446,61.934
'[17:07:29.612]',0.520,0.405,1.121,0.209,1.437,61.661
'[17:07:29.620]',0.530,0.400,1.135,0.211,1.426,61.426
'[17:07:29.628]',0.540,0.395,1.161,0.213,1.413,61.192
'[17:07:29.636]',0.550,0.385,1.186,0.216,1.400,60.918
'[17:07:29.644]',0.560,0.380,1.215,0.218,1.388,60.684
'[17:07:29.652]',0.565,0.375,1.250,0.222,1.376,60.410
'[17:07:29.660]',0.575,0.365,1.275,0.225,1.362,60.098
'[17:07:29.668]',0.585,0.360,1.295,0.229,1.344,59.863
'[17:07:29.676]',0.600,0.355,1.305,0.234,1.325,59.668
'[17:07:29.684]',0.610,0.350,1.291,0.239,1.305,59.746
'[17:07:29.692]',0.620,0.350,1.266,0.244,1.284,60.567
'[17:07:29.700]',0.625,0.345,1.226,0.249,1.264,62.794
'[17:07:29.708]',0.620,0.340,1.170,0.255,1.245,66.975
'[17:07:29.716]',0.620,0.345,1.110,0.259,1.227,72.992
'[17:07:29.724]',0.610,0.350,1.041,0.264,1.209,79.948
'[17:07:29.732]',0.595,0.355,0.976,0.268,1.193,87.177
'[17:07:29.740]',0.580,0.365,0.915,0.273,1.176,94.601
'[17:07:29.748]',0.570,0.375,0.870,0.276,1.163,102.103
'[17:07:29.756]',0.555,0.380,0.835,0.280,1.153,109.176
'[17:07:29.764]',0.545,0.385,0.815,0.284,1.141,114.998
'[17:07:29.772]',0.535,0.395,0.800,0.287,1.128,119.414
'[17:07:29.780]',0.525,0.400,0.795,0.290,1.115,122.305
'[17:07:29.788]',0.520,0.405,0.795,0.293,1.105,123.751
'[17:07:29.796]',0.515,0.410,0.795,0.296,1.094,124.064
'[17:07:29.804]',0.515,0.405,0.800,0.299,1.085,123.438
'[17:07:29.812]',0.520,0.405,0.800,0.300,1.077,122.188
'[17:07:29.820]',0.525,0.405,0.805,0.301,1.070,120.430
'[17:07:29.828]',0.530,0.405,0.811,0.301,1.064,118.320
'[17:07:29.836]',0.530,0.405,0.811,0.301,1.057,116.053
'[17:07:29.844]',0.530,0.405,0.815,0.300,1.055,113.748
'[17:07:29.852]',0.530,0.405,0.815,0.299,1.054,111.560
'[17:07:29.860]',0.530,0.410,0.815,0.298,1.052,109.450
'[17:07:29.868]',0.530,0.405,0.815,0.296,1.050,107.418
'[17:07:29.876]',0.525,0.405,0.815,0.295,1.049,105.503
'[17:07:29.884]',0.525,0.405,0.811,0.293,1.049,103.666
'[17:07:29.892]',0.525,0.405,0.811,0.291,1.049,101.791
'[17:07:29.900]',0.520,0.405,0.805,0.290,1.048,99.798
'[17:07:29.908]',0.525,0.405,0.800,0.288,1.047,97.610
'[17:07:29.916]',0.525,0.405,0.800,0.286,1.044,95.304
'[17:07:29.924]',0.525,0.410,0.800,0.284,1.042,92.882
'[17:07:29.932]',0.525,0.410,0.800,0.282,1.045,90.303
'[17:07:29.940]',0.525,0.410,0.800,0.280,1.059,87.880
'[17:07:29.948]',0.520,0.415,0.800,0.279,1.083,85.614
'[17:07:29.956]',0.520,0.410,0.795,0.277,1.126,83.543
'[17:07:29.964]',0.520,0.405,0.795,0.276,1.199,81.745
'[17:07:29.972]',0.520,0.405,0.795,0.275,1.307,80.182
'[17:07:29.980]',0.525,0.405,0.795,0.274,1.450,78.854
'[17:07:29.988]',0.525,0.405,0.790,0.273,1.622,77.799
'[17:07:29.996]',0.525,0.405,0.790,0.273,1.813,76.978
'[17:07:30.004]',0.525,0.410,0.795,0.272,2.014,76.431
'[17:07:30.012]',0.525,0.415,0.795,0.271,2.212,76.118
'[17:07:30.020]',0.525,0.410,0.795,0.271,2.398,75.923
'[17:07:30.028]',0.525,0.405,0.795,0.271,2.562,75.806
'[17:07:30.036]',0.525,0.405,0.795,0.271,2.700,75.806
'[17:07:30.044]',0.525,0.405,0.795,0.271,2.798,75.884
'[17:07:30.052]',0.525,0.405,0.795,0.271,2.865,76.001
'[17:07:30.060]',0.530,0.405,0.795,0.272,2.920,76.040
'[17:07:30.068]',0.540,0.395,0.800,0.273,2.957,76.118
'[17:07:30.076]',0.565,0.385,0.815,0.274,2.977,76.118
'[17:07:30.084]',0.585,0.370,0.830,0.276,2.979,76.040
'[17:07:30.092]',0.605,0.360,0.840,0.277,2.969,75.923
'[17:07:30.100]',0.615,0.355,0.845,0.278,2.947,75.728
'[17:07:30.108]',0.635,0.350,0.851,0.279,2.917,75.571
'[17:07:30.116]',0.650,0.345,0.815,0.280,2.880,75.298
'[17:07:30.124]',0.655,0.345,0.785,0.281,2.837,74.946
'[17:07:30.132]',0.645,0.350,0.771,0.282,2.790,74.634
'[17:07:30.140]',0.620,0.355,0.766,0.283,2.740,74.243
'[17:07:30.148]',0.590,0.375,0.771,0.284,2.689,73.735
'[17:07:30.156]',0.545,0.400,0.775,0.286,2.636,73.227
'[17:07:30.164]',0.505,0.420,0.775,0.287,2.577,72.680
'[17:07:30.172]',0.490,0.430,0.780,0.289,2.510,72.055
'[17:07:30.180]',0.480,0.440,0.780,0.291,2.437,71.429
'[17:07:30.188]',0.480,0.440,0.780,0.292,2.359,70.804
'[17:07:30.196]',0.480,0.445,0.790,0.294,2.277,70.179
'[17:07:30.204]',0.480,0.445,0.815,0.295,2.193,69.632
'[17:07:30.212]',0.540,0.420,0.825,0.296,2.108,69.124
'[17:07:30.220]',0.675,0.325,0.670,0.297,2.024,68.616
'[17:07:30.228]',0.880,0.165,0.300,0.298,1.945,68.108
'[17:07:30.236]',1.010,0.040,-0.101,0.299,1.871,67.756
'[17:07:30.244]',0.896,0.030,-0.250,0.299,1.809,67.287
'[17:07:30.252]',0.625,0.245,-0.146,0.300,1.758,66.858
'[17:07:30.260]',0.435,0.400,0.075,0.300,1.707,66.506
'[17:07:30.268]',0.400,0.465,0.370,0.301,1.661,66.115
'[17:07:30.276]',0.435,0.470,0.686,0.301,1.622,65.724
'[17:07:30.284]',0.460,0.450,0.896,0.301,1.589,65.373
'[17:07:30.292]',0.465,0.450,0.980,0.301,1.563,64.982
'[17:07:30.300]',0.465,0.450,1.021,0.301,1.543,64.630
'[17:07:30.308]',0.465,0.450,1.041,0.301,1.527,64.318
'[17:07:30.316]',0.470,0.445,1.055,0.301,1.514,64.005
'[17:07:30.324]',0.475,0.445,1.061,0.301,1.503,63.732
'[17:07:30.332]',0.480,0.445,1.065,0.301,1.495,63.497
'[17:07:30.340]',0.485,0.440,1.070,0.301,1.487,63.224
'[17:07:30.348]',0.495,0.425,1.081,0.301,1.481,62.911
'[17:07:30.356]',0.505,0.420,1.085,0.301,1.475,62.559
'[17:07:30.364]',0.510,0.415,1.095,0.301,1.468,62.169
'[17:07:30.372]',0.515,0.415,1.105,0.301,1.458,61.856
'[17:07:30.380]',0.525,0.410,1.125,0.301,1.448,61.543
'[17:07:30.388]',0.535,0.400,1.150,0.302,1.435,61.231
'[17:07:30.396]',0.545,0.395,1.180,0.303,1.420,60.996
'[17:07:30.404]',0.555,0.385,1.210,0.303,1.405,60.684
'[17:07:30.412]',0.565,0.375,1.246,0.304,1.388,60.371
'[17:07:30.420]',0.575,0.365,1.275,0.305,1.370,60.059
'[17:07:30.428]',0.590,0.360,1.295,0.306,1.352,59.746
'[17:07:30.436]',0.600,0.355,1.300,0.306,1.332,59.472
'[17:07:30.444]',0.610,0.350,1.295,0.307,1.317,59.472
'[17:07:30.452]',0.615,0.350,1.266,0.309,1.303,60.176
'[17:07:30.460]',0.620,0.345,1.226,0.310,1.286,62.364
'[17:07:30.468]',0.620,0.345,1.170,0.312,1.269,66.623
'[17:07:30.476]',0.615,0.350,1.110,0.315,1.250,72.602
'[17:07:30.484]',0.610,0.350,1.041,0.317,1.231,79.635
'[17:07:30.492]',0.600,0.355,0.976,0.320,1.212,86.942
'[17:07:30.500]',0.585,0.365,0.915,0.323,1.195,94.562
'[17:07:30.508]',0.570,0.375,0.870,0.326,1.178,102.260
'[17:07:30.516]',0.555,0.380,0.835,0.329,1.162,109.450
'[17:07:30.524]',0.545,0.390,0.815,0.331,1.148,115.506
'[17:07:30.532]',0.535,0.395,0.800,0.333,1.134,120.039
'[17:07:30.540]',0.530,0.400,0.790,0.335,1.125,123.048
'[17:07:30.548]',0.525,0.405,0.790,0.335,1.115,124.572
'[17:07:30.556]',0.525,0.405,0.790,0.335,1.104,124.806
'[17:07:30.564]',0.525,0.405,0.790,0.334,1.093,124.103
'[17:07:30.572]',0.525,0.410,0.790,0.333,1.082,122.735
'[17:07:30.580]',0.525,0.415,0.795,0.333,1.072,120.977
'[17:07:30.588]',0.520,0.415,0.800,0.332,1.064,118.945
'[17:07:30.596]',0.525,0.415,0.800,0.331,1.056,116.678
'[17:07:30.604]',0.525,0.415,0.805,0.330,1.049,114.451
'[17:07:30.612]',0.520,0.415,0.811,0.327,1.043,112.263
'[17:07:30.620]',0.520,0.415,0.811,0.325,1.037,110.192
'[17:07:30.628]',0.525,0.410,0.811,0.322,1.031,108.238
'[17:07:30.636]',0.525,0.410,0.811,0.318,1.025,106.363
'[17:07:30.644]',0.525,0.415,0.805,0.314,1.023,104.487
'[17:07:30.652]',0.525,0.415,0.805,0.311,1.023,102.572
'[17:07:30.660]',0.520,0.415,0.800,0.307,1.021,100.501
'[17:07:30.668]',0.515,0.420,0.795,0.302,1.016,98.313
'[17:07:30.676]',0.510,0.420,0.795,0.299,1.009,95.851
'[17:07:30.684]',0.510,0.420,0.795,0.295,1.003,93.312
'[17:07:30.692]',0.510,0.420,0.795,0.291,1.000,90.693
'[17:07:30.700]',0.510,0.420,0.790,0.288,1.007,88.115
'[17:07:30.708]',0.510,0.420,0.785,0.285,1.030,85.692
'[17:07:30.716]',0.510,0.420,0.785,0.282,1.079,83.543
'[17:07:30.724]',0.510,0.425,0.785,0.279,1.161,81.667
'[17:07:30.732]',0.510,0.425,0.785,0.276,1.280,79.987
'[17:07:30.740]',0.505,0.425,0.790,0.273,1.407,78.619
'[17:07:30.748]',0.505,0.425,0.790,0.270,1.548,77.447
'[17:07:30.756]',0.505,0.425,0.785,0.267,1.728,76.626
'[17:07:30.764]',0.510,0.425,0.790,0.264,1.927,76.001
'[17:07:30.772]',0.510,0.420,0.790,0.262,2.128,75.571
'[17:07:30.780]',0.510,0.420,0.790,0.260,2.321,75.376
'[17:07:30.788]',0.510,0.420,0.790,0.258,2.493,75.259
'[17:07:30.796]',0.510,0.420,0.790,0.257,2.640,75.298
'[17:07:30.804]',0.510,0.415,0.795,0.256,2.759,75.376
'[17:07:30.812]',0.515,0.415,0.795,0.255,2.848,75.493
'[17:07:30.820]',0.515,0.415,0.795,0.255,2.912,75.689
'[17:07:30.828]',0.520,0.415,0.800,0.255,2.952,75.806
'[17:07:30.836]',0.540,0.400,0.811,0.255,2.971,75.923
'[17:07:30.844]',0.565,0.385,0.830,0.255,2.969,75.923
'[17:07:30.852]',0.585,0.375,0.840,0.255,2.954,75.884
'[17:07:30.860]',0.600,0.365,0.855,0.255,2.932,75.689
'[17:07:30.868]',0.615,0.355,0.860,0.255,2.901,75.493
'[17:07:30.876]',0.635,0.345,0.840,0.255,2.865,75.181
'[17:07:30.884]',0.645,0.340,0.805,0.255,2.824,74.868
'[17:07:30.892]',0.650,0.340,0.775,0.255,2.778,74.438
'[17:07:30.900]',0.635,0.345,0.766,0.255,2.728,74.008
'[17:07:30.908]',0.605,0.355,0.766,0.255,2.674,73.500
'[17:07:30.916]',0.560,0.380,0.771,0.255,2.614,72.992
'[17:07:30.924]',0.525,0.410,0.780,0.255,2.549,72.445
'[17:07:30.932]',0.500,0.425,0.780,0.255,2.479,71.859
'[17:07:30.940]',0.485,0.430,0.785,0.255,2.411,71.351
'[17:07:30.948]',0.485,0.430,0.785,0.255,2.342,70.804
'[17:07:30.956]',0.490,0.425,0.785,0.255,2.264,70.257
'[17:07:30.964]',0.495,0.425,0.805,0.254,2.181,69.671
'[17:07:30.972]',0.525,0.415,0.840,0.254,2.095,69.163
'[17:07:30.980]',0.620,0.355,0.785,0.252,2.009,68.694
'[17:07:30.988]',0.800,0.225,0.515,0.251,1.925,68.186
'[17:07:30.996]',0.990,0.060,0.080,0.250,1.844,67.756
'[17:07:31.004]',1.030,0.010,-0.215,0.249,1.769,67.287
'[17:07:31.012]',0.780,0.135,-0.246,0.247,1.702,66.858
'[17:07:31.020]',0.525,0.320,-0.030,0.246,1.643,66.428
'[17:07:31.028]',0.410,0.440,0.229,0.244,1.593,66.037
'[17:07:31.036]',0.405,0.465,0.545,0.243,1.552,65.607
'[17:07:31.044]',0.455,0.450,0.815,0.241,1.522,65.256
'[17:07:31.052]',0.465,0.440,0.955,0.239,1.500,64.865
'[17:07:31.060]',0.465,0.440,1.010,0.238,1.483,64.474
'[17:07:31.068]',0.470,0.440,1.035,0.237,1.469,64.122
'[17:07:31.076]',0.470,0.440,1.055,0.236,1.459,63.732
'[17:07:31.084]',0.475,0.440,1.061,0.235,1.452,63.497
'[17:07:31.092]',0.480,0.435,1.065,0.235,1.446,63.185
'[17:07:31.100]',0.485,0.430,1.070,0.235,1.440,62.989
'[17:07:31.108]',0.490,0.425,1.081,0.235,1.434,62.755
'[17:07:31.116]',0.495,0.420,1.085,0.236,1.426,62.481
'[17:07:31.124]',0.505,0.415,1.095,0.237,1.418,62.286
'[17:07:31.132]',0.510,0.410,1.105,0.239,1.409,62.130
'[17:07:31.140]',0.515,0.405,1.121,0.241,1.400,61.856
'[17:07:31.148]',0.525,0.400,1.146,0.244,1.391,61.661
'[17:07:31.156]',0.530,0.395,1.170,0.246,1.379,61.543
'[17:07:31.164]',0.540,0.390,1.201,0.248,1.365,61.348
'[17:07:31.172]',0.550,0.380,1.235,0.251,1.349,61.114
'[17:07:31.180]',0.560,0.375,1.266,0.253,1.331,60.879
'[17:07:31.188]',0.570,0.365,1.291,0.256,1.313,60.606
'[17:07:31.196]',0.585,0.360,1.305,0.259,1.293,60.371
'[17:07:31.204]',0.595,0.355,1.305,0.262,1.273,60.254
'[17:07:31.212]',0.600,0.350,1.286,0.265,1.252,60.567
'[17:07:31.220]',0.605,0.350,1.255,0.268,1.233,61.973
'[17:07:31.228]',0.610,0.350,1.210,0.270,1.212,65.256
'[17:07:31.236]',0.605,0.350,1.150,0.272,1.193,70.570
'[17:07:31.244]',0.600,0.355,1.085,0.275,1.178,77.252
'[17:07:31.252]',0.590,0.355,1.016,0.277,1.166,84.441
'[17:07:31.260]',0.580,0.365,0.950,0.279,1.152,91.748
'[17:07:31.268]',0.565,0.375,0.896,0.280,1.137,99.290
'[17:07:31.276]',0.550,0.385,0.860,0.282,1.122,106.753
'[17:07:31.284]',0.535,0.395,0.835,0.283,1.108,113.201
'[17:07:31.292]',0.525,0.400,0.815,0.284,1.094,118.320
'[17:07:31.300]',0.515,0.405,0.811,0.285,1.080,121.915
'[17:07:31.308]',0.510,0.410,0.805,0.285,1.067,124.064
'[17:07:31.316]',0.505,0.415,0.800,0.285,1.056,124.884
'[17:07:31.324]',0.505,0.415,0.805,0.285,1.045,124.611
'[17:07:31.332]',0.510,0.415,0.805,0.285,1.036,123.478
'[17:07:31.340]',0.510,0.415,0.811,0.285,1.032,121.875
'[17:07:31.348]',0.510,0.415,0.815,0.284,1.030,119.883
'[17:07:31.356]',0.510,0.415,0.820,0.283,1.027,117.616
'[17:07:31.364]',0.510,0.415,0.820,0.281,1.024,115.311
'[17:07:31.372]',0.505,0.420,0.825,0.279,1.022,113.005
'[17:07:31.380]',0.505,0.420,0.825,0.277,1.022,110.856
'[17:07:31.388]',0.505,0.415,0.825,0.275,1.021,108.863
'[17:07:31.396]',0.505,0.415,0.820,0.272,1.022,106.949
'[17:07:31.404]',0.505,0.415,0.820,0.270,1.023,105.112
'[17:07:31.412]',0.505,0.415,0.820,0.267,1.026,103.237
'[17:07:31.420]',0.505,0.420,0.820,0.263,1.029,101.322
'[17:07:31.428]',0.500,0.420,0.815,0.259,1.031,99.173
'[17:07:31.436]',0.500,0.420,0.815,0.255,1.032,96.789
'[17:07:31.444]',0.500,0.425,0.811,0.251,1.035,94.249
'[17:07:31.452]',0.500,0.425,0.811,0.247,1.039,91.631
'[17:07:31.460]',0.500,0.425,0.811,0.244,1.046,88.974
'[17:07:31.468]',0.500,0.420,0.811,0.241,1.063,86.551
'[17:07:31.476]',0.500,0.420,0.811,0.237,1.098,84.363
'[17:07:31.484]',0.500,0.420,0.805,0.235,1.160,82.449
'[17:07:31.492]',0.500,0.420,0.811,0.232,1.254,80.690
'[17:07:31.500]',0.500,0.425,0.811,0.229,1.381,79.244
'[17:07:31.508]',0.495,0.425,0.811,0.227,1.541,78.111
'[17:07:31.516]',0.495,0.425,0.805,0.226,1.724,77.252
'[17:07:31.524]',0.495,0.425,0.805,0.224,1.923,76.626
'[17:07:31.532]',0.500,0.420,0.811,0.223,2.123,76.197
'[17:07:31.540]',0.500,0.420,0.811,0.222,2.291,75.923
'[17:07:31.548]',0.505,0.420,0.805,0.221,2.433,75.728
'[17:07:31.556]',0.505,0.420,0.805,0.220,2.575,75.689
'[17:07:31.564]',0.505,0.420,0.805,0.220,2.701,75.728
'[17:07:31.572]',0.505,0.420,0.811,0.219,2.804,75.884
'[17:07:31.580]',0.510,0.420,0.811,0.219,2.881,75.923
'[17:07:31.588]',0.520,0.415,0.815,0.219,2.934,76.001
'[17:07:31.596]',0.540,0.400,0.830,0.219,2.964,76.040
'[17:07:31.604]',0.565,0.380,0.845,0.219,2.976,76.001
'[17:07:31.612]',0.580,0.370,0.860,0.219,2.971,75.884
'[17:07:31.620]',0.595,0.360,0.870,0.219,2.953,75.610
'[17:07:31.628]',0.615,0.350,0.875,0.219,2.926,75.415
'[17:07:31.636]',0.625,0.345,0.835,0.220,2.891,75.181
'[17:07:31.644]',0.635,0.340,0.805,0.221,2.852,74.946
'[17:07:31.652]',0.625,0.345,0.790,0.222,2.810,74.555
'[17:07:31.660]',0.605,0.355,0.785,0.223,2.763,74.126
'[17:07:31.668]',0.570,0.370,0.790,0.224,2.712,73.618
'[17:07:31.676]',0.525,0.400,0.795,0.225,2.656,73.110
'[17:07:31.684]',0.495,0.420,0.795,0.226,2.594,72.563
'[17:07:31.692]',0.485,0.430,0.800,0.227,2.528,72.055
'[17:07:31.700]',0.480,0.430,0.800,0.227,2.456,71.547
'[17:07:31.708]',0.480,0.430,0.805,0.227,2.378,71.039
'[17:07:31.716]',0.480,0.430,0.811,0.227,2.296,70.570
'[17:07:31.724]',0.485,0.430,0.835,0.227,2.211,70.062
'[17:07:31.732]',0.545,0.400,0.845,0.226,2.124,69.554
'[17:07:31.740]',0.680,0.310,0.686,0.226,2.047,69.124
'[17:07:31.748]',0.885,0.145,0.305,0.226,1.977,68.694
'[17:07:31.756]',1.015,0.020,-0.095,0.226,1.901,68.225
'[17:07:31.764]',0.891,0.015,-0.246,0.226,1.828,67.795
'[17:07:31.772]',0.620,0.230,-0.141,0.225,1.760,67.366
'[17:07:31.780]',0.435,0.390,0.080,0.225,1.698,66.975
'[17:07:31.788]',0.395,0.455,0.380,0.224,1.644,66.623
'[17:07:31.796]',0.430,0.460,0.700,0.223,1.599,66.311
'[17:07:31.804]',0.455,0.445,0.910,0.223,1.563,65.881
'[17:07:31.812]',0.460,0.445,1.000,0.223,1.535,65.490
'[17:07:31.820]',0.460,0.445,1.035,0.222,1.512,65.060
'[17:07:31.828]',0.460,0.445,1.050,0.222,1.496,64.748
'[17:07:31.836]',0.465,0.440,1.061,0.222,1.483,64.357
'[17:07:31.844]',0.470,0.440,1.070,0.222,1.474,64.122
'[17:07:31.852]',0.475,0.435,1.081,0.222,1.467,63.810
'[17:07:31.860]',0.480,0.430,1.085,0.223,1.460,63.536
'[17:07:31.868]',0.490,0.425,1.090,0.224,1.454,63.185
'[17:07:31.876]',0.500,0.420,1.101,0.225,1.446,62.872
'[17:07:31.884]',0.505,0.415,1.105,0.226,1.437,62.559
'[17:07:31.892]',0.515,0.410,1.121,0.228,1.427,62.286
'[17:07:31.900]',0.525,0.405,1.141,0.230,1.416,62.051
'[17:07:31.908]',0.535,0.395,1.166,0.233,1.405,61.739
'[17:07:31.916]',0.545,0.390,1.195,0.235,1.392,61.504
'[17:07:31.924]',0.555,0.380,1.226,0.238,1.377,61.231
'[17:07:31.932]',0.565,0.375,1.260,0.242,1.362,60.996
'[17:07:31.940]',0.575,0.370,1.291,0.245,1.348,60.684
'[17:07:31.948]',0.580,0.365,1.311,0.249,1.335,60.371
'[17:07:31.956]',0.595,0.355,1.321,0.252,1.320,60.098
'[17:07:31.964]',0.600,0.350,1.311,0.255,1.301,60.176
'[17:07:31.972]',0.615,0.350,1.286,0.258,1.283,60.996
'[17:07:31.980]',0.620,0.345,1.246,0.262,1.263,63.224
'[17:07:31.988]',0.625,0.340,1.190,0.265,1.243,67.483
'[17:07:31.996]',0.625,0.340,1.121,0.269,1.225,73.500
'[17:07:32.004]',0.620,0.345,1.050,0.272,1.207,80.417
'[17:07:32.012]',0.610,0.350,0.985,0.276,1.191,87.802
'[17:07:32.020]',0.595,0.360,0.920,0.280,1.175,95.382
'[17:07:32.028]',0.580,0.365,0.875,0.283,1.160,103.002
'[17:07:32.036]',0.565,0.375,0.840,0.286,1.147,110.075
'[17:07:32.044]',0.555,0.385,0.815,0.289,1.137,115.936
'[17:07:32.052]',0.550,0.390,0.800,0.291,1.129,120.312
'[17:07:32.060]',0.540,0.395,0.795,0.294,1.119,123.243
'[17:07:32.068]',0.535,0.400,0.795,0.296,1.108,124.806
'[17:07:32.076]',0.530,0.405,0.795,0.297,1.096,125.119
'[17:07:32.084]',0.530,0.405,0.800,0.298,1.085,124.415
'[17:07:32.092]',0.530,0.405,0.800,0.298,1.075,123.126
'[17:07:32.100]',0.530,0.405,0.811,0.297,1.067,121.289
'[17:07:32.108]',0.530,0.405,0.811,0.296,1.060,119.179
'[17:07:32.116]',0.530,0.405,0.815,0.294,1.053,116.991
'[17:07:32.124]',0.525,0.410,0.815,0.293,1.047,114.803
'[17:07:32.132]',0.525,0.415,0.820,0.291,1.042,112.615
'[17:07:32.140]',0.525,0.415,0.820,0.290,1.040,110.544
'[17:07:32.148]',0.525,0.415,0.820,0.287,1.040,108.551
'[17:07:32.156]',0.525,0.415,0.820,0.285,1.039,106.636
'[17:07:32.164]',0.525,0.415,0.815,0.282,1.038,104.761
'[17:07:32.172]',0.515,0.415,0.811,0.279,1.037,102.807
'[17:07:32.180]',0.510,0.415,0.811,0.275,1.035,100.736
'[17:07:32.188]',0.510,0.420,0.811,0.272,1.032,98.509
'[17:07:32.196]',0.510,0.420,0.811,0.268,1.027,96.125
'[17:07:32.204]',0.510,0.420,0.805,0.265,1.023,93.546
'[17:07:32.212]',0.510,0.415,0.811,0.261,1.022,91.006
'[17:07:32.220]',0.505,0.415,0.811,0.258,1.031,88.505
'[17:07:32.228]',0.505,0.420,0.805,0.255,1.058,86.161
'[17:07:32.236]',0.505,0.420,0.805,0.252,1.109,84.168
'[17:07:32.244]',0.505,0.420,0.800,0.249,1.176,82.370
'[17:07:32.252]',0.505,0.425,0.800,0.246,1.266,80.807
'[17:07:32.260]',0.505,0.425,0.800,0.243,1.396,79.557
'[17:07:32.268]',0.505,0.425,0.800,0.241,1.559,78.502
'[17:07:32.276]',0.500,0.425,0.795,0.239,1.747,77.760
'[17:07:32.284]',0.500,0.425,0.795,0.237,1.946,77.173
'[17:07:32.292]',0.500,0.425,0.795,0.235,2.146,76.822
'[17:07:32.300]',0.505,0.425,0.800,0.234,2.334,76.548
'[17:07:32.308]',0.510,0.420,0.800,0.233,2.503,76.509
'[17:07:32.316]',0.510,0.420,0.800,0.232,2.647,76.509
'[17:07:32.324]',0.515,0.415,0.800,0.231,2.762,76.548
'[17:07:32.332]',0.515,0.415,0.800,0.231,2.850,76.626
'[17:07:32.340]',0.520,0.410,0.800,0.230,2.905,76.665
'[17:07:32.348]',0.540,0.400,0.811,0.230,2.935,76.744
'[17:07:32.356]',0.565,0.380,0.830,0.230,2.953,76.822
'[17:07:32.364]',0.590,0.365,0.840,0.230,2.958,76.744
'[17:07:32.372]',0.605,0.355,0.855,0.230,2.951,76.548
'[17:07:32.380]',0.615,0.350,0.865,0.230,2.933,76.314
'[17:07:32.388]',0.630,0.340,0.855,0.231,2.904,76.001
'[17:07:32.396]',0.640,0.335,0.820,0.232,2.869,75.689
'[17:07:32.404]',0.645,0.340,0.785,0.233,2.828,75.376
'[17:07:32.412]',0.630,0.345,0.775,0.234,2.782,74.985
'[17:07:32.420]',0.605,0.355,0.775,0.234,2.732,74.634
'[17:07:32.428]',0.565,0.380,0.780,0.235,2.677,74.165
'[17:07:32.436]',0.520,0.405,0.790,0.236,2.623,73.696
'[17:07:32.444]',0.495,0.420,0.790,0.236,2.566,73.110
'[17:07:32.452]',0.480,0.430,0.795,0.236,2.501,72.563
'[17:07:32.460]',0.475,0.430,0.800,0.237,2.430,72.055
'[17:07:32.468]',0.475,0.430,0.805,0.237,2.353,71.508
'[17:07:32.476]',0.480,0.430,0.815,0.237,2.272,71.000
'[17:07:32.484]',0.505,0.420,0.840,0.236,2.188,70.413
'[17:07:32.492]',0.575,0.385,0.851,0.236,2.103,69.945
'[17:07:32.500]',0.730,0.275,0.620,0.235,2.019,69.437
'[17:07:32.508]',0.940,0.105,0.210,0.235,1.936,68.929
'[17:07:32.516]',1.021,0.010,-0.146,0.235,1.860,68.538
'[17:07:32.524]',0.845,0.090,-0.230,0.234,1.790,68.108
'[17:07:32.532]',0.570,0.270,-0.090,0.234,1.727,67.756
'[17:07:32.540]',0.420,0.410,0.145,0.233,1.678,67.366
'[17:07:32.548]',0.400,0.455,0.450,0.232,1.638,66.936
'[17:07:32.556]',0.445,0.460,0.755,0.231,1.601,66.545
'[17:07:32.564]',0.465,0.445,0.936,0.230,1.569,66.115
'[17:07:32.572]',0.470,0.440,1.005,0.230,1.543,65.724
'[17:07:32.580]',0.470,0.440,1.035,0.229,1.522,65.373
'[17:07:32.588]',0.475,0.440,1.050,0.229,1.505,65.060
'[17:07:32.596]',0.485,0.435,1.065,0.229,1.494,64.787
'[17:07:32.604]',0.495,0.430,1.070,0.230,1.485,64.474
'[17:07:32.612]',0.505,0.425,1.075,0.231,1.477,64.240
'[17:07:32.620]',0.505,0.420,1.081,0.232,1.469,64.005
'[17:07:32.628]',0.510,0.415,1.085,0.233,1.460,63.693
'[17:07:32.636]',0.510,0.410,1.095,0.234,1.454,63.419
'[17:07:32.644]',0.515,0.405,1.105,0.236,1.448,63.106
'[17:07:32.652]',0.525,0.400,1.121,0.237,1.439,62.872
'[17:07:32.660]',0.535,0.395,1.135,0.239,1.428,62.598
'[17:07:32.668]',0.540,0.385,1.161,0.242,1.415,62.364
'[17:07:32.676]',0.545,0.385,1.190,0.245,1.401,62.130
'[17:07:32.684]',0.555,0.380,1.215,0.248,1.385,61.856
'[17:07:32.692]',0.565,0.375,1.250,0.252,1.369,61.622
'[17:07:32.700]',0.580,0.365,1.275,0.256,1.351,61.309
'[17:07:32.708]',0.595,0.360,1.291,0.260,1.332,61.035
'[17:07:32.716]',0.600,0.355,1.295,0.265,1.313,60.918
'[17:07:32.724]',0.610,0.350,1.281,0.271,1.293,61.192
'[17:07:32.732]',0.615,0.350,1.255,0.277,1.274,62.286
'[17:07:32.740]',0.615,0.350,1.210,0.283,1.259,65.177
'[17:07:32.748]',0.610,0.350,1.155,0.290,1.246,70.101
'[17:07:32.756]',0.605,0.355,1.090,0.296,1.231,76.626
'[17:07:32.764]',0.600,0.355,1.025,0.302,1.214,83.816
'[17:07:32.772]',0.590,0.360,0.955,0.308,1.197,91.358
'[17:07:32.780]',0.580,0.365,0.900,0.314,1.182,99.134
'[17:07:32.788]',0.570,0.370,0.860,0.321,1.167,106.792
'[17:07:32.796]',0.555,0.380,0.830,0.327,1.153,113.631
'[17:07:32.804]',0.545,0.385,0.815,0.333,1.140,119.062
'[17:07:32.812]',0.535,0.395,0.800,0.339,1.127,123.009
'[17:07:32.820]',0.535,0.400,0.795,0.344,1.114,125.431
'[17:07:32.828]',0.530,0.400,0.795,0.349,1.103,126.604
'[17:07:32.836]',0.535,0.400,0.795,0.353,1.095,126.564
'[17:07:32.844]',0.535,0.400,0.795,0.356,1.090,125.666
'[17:07:32.852]',0.530,0.400,0.800,0.359,1.083,124.259
'[17:07:32.860]',0.530,0.400,0.800,0.362,1.076,122.383
'[17:07:32.868]',0.525,0.405,0.805,0.364,1.069,120.312
'[17:07:32.876]',0.525,0.405,0.811,0.366,1.064,118.163
'[17:07:32.884]',0.525,0.405,0.811,0.367,1.059,116.131
'[17:07:32.892]',0.525,0.405,0.815,0.369,1.054,114.178
'[17:07:32.900]',0.520,0.410,0.815,0.370,1.051,112.263
'[17:07:32.908]',0.520,0.410,0.815,0.371,1.048,110.387
'[17:07:32.916]',0.520,0.415,0.811,0.371,1.047,108.512
'[17:07:32.924]',0.515,0.415,0.811,0.371,1.046,106.558
'[17:07:32.932]',0.515,0.415,0.811,0.371,1.046,104.604
'[17:07:32.940]',0.510,0.415,0.800,0.370,1.048,102.572
'[17:07:32.948]',0.510,0.415,0.800,0.370,1.050,100.228
'[17:07:32.956]',0.515,0.415,0.795,0.369,1.049,97.727
'[17:07:32.964]',0.515,0.415,0.795,0.369,1.047,94.914
'[17:07:32.972]',0.515,0.415,0.795,0.368,1.048,91.983
'[17:07:32.980]',0.510,0.420,0.790,0.368,1.059,89.170
'[17:07:32.988]',0.510,0.420,0.795,0.368,1.086,86.747
'[17:07:32.996]',0.510,0.420,0.795,0.368,1.141,84.676
'[17:07:33.004]',0.510,0.420,0.790,0.367,1.228,82.918
'[17:07:33.012]',0.515,0.420,0.790,0.367,1.349,81.511
'[17:07:33.020]',0.520,0.420,0.790,0.368,1.503,80.182
'[17:07:33.028]',0.515,0.420,0.790,0.368,1.683,79.049
'[17:07:33.036]',0.515,0.420,0.790,0.369,1.852,78.228
'[17:07:33.044]',0.515,0.420,0.790,0.371,2.015,77.681
'[17:07:33.052]',0.525,0.415,0.790,0.373,2.196,77.447
'[17:07:33.060]',0.525,0.415,0.790,0.375,2.373,77.369
'[17:07:33.068]',0.530,0.415,0.790,0.377,2.536,77.486
'[17:07:33.076]',0.530,0.410,0.790,0.379,2.675,77.681
'[17:07:33.084]',0.535,0.410,0.795,0.380,2.788,77.877
'[17:07:33.092]',0.535,0.405,0.790,0.382,2.873,77.994
'[17:07:33.100]',0.535,0.405,0.795,0.383,2.933,77.994
'[17:07:33.108]',0.555,0.395,0.811,0.385,2.971,77.916
'[17:07:33.116]',0.585,0.380,0.825,0.387,2.988,77.916
'[17:07:33.124]',0.605,0.365,0.835,0.389,2.990,77.877
'[17:07:33.132]',0.615,0.355,0.845,0.392,2.978,77.799
'[17:07:33.140]',0.635,0.350,0.845,0.395,2.956,77.681
'[17:07:33.148]',0.650,0.345,0.825,0.397,2.927,77.447
'[17:07:33.156]',0.660,0.340,0.790,0.399,2.893,77.056
'[17:07:33.164]',0.655,0.340,0.771,0.402,2.855,76.626
'[17:07:33.172]',0.640,0.350,0.766,0.404,2.811,76.118
'[17:07:33.180]',0.605,0.360,0.771,0.407,2.763,75.571
'[17:07:33.188]',0.560,0.390,0.775,0.409,2.711,74.868
'[17:07:33.196]',0.525,0.415,0.780,0.411,2.653,74.126
'[17:07:33.204]',0.505,0.425,0.780,0.413,2.589,73.422
'[17:07:33.212]',0.495,0.430,0.780,0.415,2.520,72.680
'[17:07:33.220]',0.490,0.430,0.780,0.418,2.445,71.976
'[17:07:33.228]',0.490,0.430,0.785,0.420,2.364,71.351
'[17:07:33.236]',0.495,0.435,0.805,0.422,2.288,70.921
'[17:07:33.244]',0.530,0.420,0.830,0.424,2.215,70.570
'[17:07:33.252]',0.635,0.360,0.750,0.426,2.134,70.179
'[17:07:33.260]',0.820,0.220,0.435,0.428,2.051,69.788
'[17:07:33.268]',1.010,0.055,-0.005,0.429,1.968,69.319
'[17:07:33.276]',1.035,0.015,-0.250,0.430,1.890,68.811
'[17:07:33.284]',0.740,0.165,-0.260,0.430,1.818,68.225
'[17:07:33.292]',0.495,0.345,-0.005,0.430,1.754,67.756
'[17:07:33.300]',0.405,0.445,0.260,0.430,1.698,67.444
'[17:07:33.308]',0.425,0.465,0.580,0.430,1.652,67.170
'[17:07:33.316]',0.460,0.450,0.835,0.430,1.615,66.936
'[17:07:33.324]',0.470,0.450,0.960,0.430,1.586,66.623
'[17:07:33.332]',0.465,0.450,1.010,0.429,1.564,66.311
'[17:07:33.340]',0.470,0.450,1.030,0.429,1.549,65.920
'[17:07:33.348]',0.475,0.445,1.045,0.427,1.540,65.607
'[17:07:33.356]',0.485,0.440,1.055,0.426,1.531,65.295
'[17:07:33.364]',0.490,0.440,1.055,0.424,1.524,64.943
'[17:07:33.372]',0.490,0.430,1.065,0.423,1.517,64.630
'[17:07:33.380]',0.500,0.425,1.070,0.421,1.510,64.240
'[17:07:33.388]',0.505,0.425,1.081,0.419,1.503,63.849
'[17:07:33.396]',0.510,0.420,1.090,0.418,1.496,63.536
'[17:07:33.404]',0.520,0.415,1.105,0.416,1.487,63.185
'[17:07:33.412]',0.530,0.410,1.121,0.415,1.476,62.872
'[17:07:33.420]',0.535,0.405,1.146,0.414,1.463,62.598
'[17:07:33.428]',0.545,0.400,1.170,0.414,1.448,62.442
'[17:07:33.436]',0.550,0.395,1.201,0.414,1.434,62.247
'[17:07:33.444]',0.565,0.385,1.235,0.415,1.421,61.934
'[17:07:33.452]',0.575,0.380,1.266,0.416,1.405,61.622
'[17:07:33.460]',0.590,0.370,1.291,0.417,1.386,61.231
'[17:07:33.468]',0.600,0.360,1.300,0.418,1.366,60.879
'[17:07:33.476]',0.610,0.355,1.300,0.419,1.344,60.684
'[17:07:33.484]',0.620,0.355,1.275,0.419,1.322,61.114
'[17:07:33.492]',0.620,0.350,1.241,0.421,1.299,62.794
'[17:07:33.500]',0.625,0.350,1.190,0.422,1.278,66.545
'[17:07:33.508]',0.620,0.350,1.125,0.424,1.258,72.367
'[17:07:33.516]',0.615,0.355,1.061,0.426,1.239,79.440
'[17:07:33.524]',0.600,0.360,0.990,0.429,1.220,87.059
'[17:07:33.532]',0.595,0.365,0.930,0.431,1.202,94.875
'[17:07:33.540]',0.580,0.375,0.880,0.433,1.190,102.885
'[17:07:33.548]',0.570,0.385,0.845,0.435,1.179,110.309
'[17:07:33.556]',0.555,0.395,0.815,0.437,1.166,116.678
'[17:07:33.564]',0.545,0.400,0.800,0.439,1.153,121.485
'[17:07:33.572]',0.535,0.405,0.790,0.441,1.140,124.806
'[17:07:33.580]',0.530,0.405,0.790,0.443,1.127,126.604
'[17:07:33.588]',0.525,0.405,0.790,0.443,1.114,127.112
'[17:07:33.596]',0.525,0.410,0.790,0.444,1.103,126.604
'[17:07:33.604]',0.525,0.415,0.790,0.443,1.092,125.353
'[17:07:33.612]',0.525,0.415,0.795,0.442,1.082,123.673
'[17:07:33.620]',0.525,0.415,0.800,0.440,1.072,121.680
'[17:07:33.628]',0.525,0.415,0.800,0.439,1.064,119.570
'[17:07:33.636]',0.525,0.415,0.805,0.437,1.059,117.421
'[17:07:33.644]',0.525,0.415,0.811,0.435,1.055,115.389
'[17:07:33.652]',0.525,0.410,0.815,0.431,1.050,113.513
'[17:07:33.660]',0.530,0.410,0.815,0.428,1.044,111.755
'[17:07:33.668]',0.530,0.410,0.811,0.422,1.039,109.997
'[17:07:33.676]',0.530,0.410,0.811,0.417,1.035,108.316
'[17:07:33.684]',0.525,0.415,0.811,0.411,1.032,106.558
'[17:07:33.692]',0.520,0.415,0.805,0.406,1.029,104.604
'[17:07:33.700]',0.520,0.420,0.800,0.399,1.025,102.494
'[17:07:33.708]',0.520,0.420,0.800,0.393,1.020,100.111
'[17:07:33.716]',0.520,0.420,0.795,0.388,1.014,97.571
'[17:07:33.724]',0.515,0.420,0.795,0.382,1.011,94.796
'[17:07:33.732]',0.510,0.420,0.795,0.377,1.015,92.061
'[17:07:33.740]',0.510,0.420,0.795,0.373,1.029,89.443
'[17:07:33.748]',0.510,0.420,0.795,0.368,1.061,86.942
'[17:07:33.756]',0.510,0.420,0.790,0.363,1.120,84.754
'[17:07:33.764]',0.510,0.420,0.790,0.358,1.213,82.761
'[17:07:33.772]',0.510,0.420,0.790,0.353,1.342,81.003
'[17:07:33.780]',0.510,0.420,0.790,0.349,1.503,79.557
'[17:07:33.788]',0.515,0.415,0.795,0.346,1.690,78.502
'[17:07:33.796]',0.515,0.415,0.790,0.343,1.891,77.681
'[17:07:33.804]',0.515,0.415,0.790,0.340,2.094,77.056
'[17:07:33.812]',0.515,0.415,0.790,0.337,2.287,76.744
'[17:07:33.820]',0.520,0.415,0.790,0.335,2.462,76.626
'[17:07:33.828]',0.525,0.410,0.790,0.333,2.613,76.548
'[17:07:33.836]',0.525,0.410,0.790,0.332,2.721,76.626
'[17:07:33.844]',0.530,0.410,0.795,0.331,2.798,76.744
'[17:07:33.852]',0.530,0.410,0.795,0.330,2.863,76.939
'[17:07:33.860]',0.530,0.405,0.795,0.330,2.910,77.056
'[17:07:33.868]',0.545,0.395,0.805,0.330,2.938,77.134
'[17:07:33.876]',0.565,0.380,0.820,0.329,2.950,77.134
'[17:07:33.884]',0.590,0.365,0.840,0.329,2.947,77.134
'[17:07:33.892]',0.605,0.360,0.851,0.329,2.933,76.978
'[17:07:33.900]',0.620,0.350,0.860,0.329,2.908,76.861
'[17:07:33.908]',0.640,0.340,0.840,0.329,2.877,76.665
'[17:07:33.916]',0.655,0.335,0.805,0.329,2.841,76.431
'[17:07:33.924]',0.660,0.335,0.775,0.328,2.800,76.118
'[17:07:33.932]',0.640,0.340,0.766,0.328,2.755,75.689
'[17:07:33.940]',0.615,0.355,0.766,0.327,2.709,75.259
'[17:07:33.948]',0.570,0.375,0.771,0.327,2.660,74.751
'[17:07:33.956]',0.530,0.400,0.775,0.325,2.605,74.243
'[17:07:33.964]',0.510,0.415,0.775,0.324,2.543,73.696
'[17:07:33.972]',0.505,0.425,0.780,0.323,2.475,73.110
'[17:07:33.980]',0.505,0.425,0.780,0.323,2.401,72.602
'[17:07:33.988]',0.505,0.425,0.785,0.322,2.321,72.055
'[17:07:33.996]',0.505,0.425,0.800,0.321,2.237,71.547
'[17:07:34.004]',0.530,0.415,0.830,0.320,2.150,71.039
'[17:07:34.012]',0.610,0.365,0.835,0.319,2.061,70.492
'[17:07:34.020]',0.786,0.245,0.555,0.317,1.973,69.984
'[17:07:34.028]',0.990,0.075,0.125,0.316,1.888,69.437
'[17:07:34.036]',1.045,0.000,-0.206,0.314,1.816,68.929
'[17:07:34.044]',0.831,0.110,-0.250,0.313,1.755,68.421
'[17:07:34.052]',0.555,0.305,-0.055,0.312,1.693,67.991
'[17:07:34.060]',0.420,0.435,0.195,0.312,1.636,67.561
'[17:07:34.068]',0.410,0.465,0.510,0.311,1.587,67.053
'[17:07:34.076]',0.460,0.460,0.790,0.311,1.545,66.623
'[17:07:34.084]',0.470,0.450,0.940,0.311,1.512,66.193
'[17:07:34.092]',0.470,0.450,1.000,0.312,1.487,65.724
'[17:07:34.100]',0.470,0.450,1.025,0.312,1.468,65.295
'[17:07:34.108]',0.470,0.450,1.041,0.312,1.456,64.982
'[17:07:34.116]',0.475,0.450,1.050,0.312,1.446,64.669
'[17:07:34.124]',0.480,0.445,1.055,0.313,1.439,64.357
'[17:07:34.132]',0.485,0.440,1.065,0.313,1.436,64.122
'[17:07:34.140]',0.490,0.435,1.070,0.314,1.433,63.810
'[17:07:34.148]',0.490,0.430,1.075,0.315,1.429,63.536
'[17:07:34.156]',0.500,0.420,1.085,0.316,1.423,63.302
'[17:07:34.164]',0.510,0.415,1.101,0.317,1.416,63.067
'[17:07:34.172]',0.515,0.415,1.110,0.319,1.409,62.794
'[17:07:34.180]',0.525,0.405,1.135,0.320,1.399,62.559
'[17:07:34.188]',0.535,0.400,1.161,0.322,1.387,62.364
'[17:07:34.196]',0.545,0.395,1.186,0.323,1.374,62.169
'[17:07:34.204]',0.555,0.385,1.215,0.325,1.360,61.934
'[17:07:34.212]',0.565,0.375,1.250,0.327,1.344,61.661
'[17:07:34.220]',0.575,0.370,1.275,0.329,1.327,61.348
'[17:07:34.228]',0.590,0.365,1.291,0.331,1.310,61.192
'[17:07:34.236]',0.600,0.360,1.295,0.333,1.295,61.035
'[17:07:34.244]',0.610,0.355,1.275,0.334,1.282,61.426
'[17:07:34.252]',0.615,0.350,1.246,0.336,1.265,62.872
'[17:07:34.260]',0.615,0.350,1.201,0.338,1.246,66.037
'[17:07:34.268]',0.615,0.350,1.141,0.340,1.227,71.234
'[17:07:34.276]',0.610,0.350,1.075,0.342,1.207,77.799
'[17:07:34.284]',0.600,0.355,1.005,0.344,1.188,84.988
'[17:07:34.292]',0.585,0.365,0.940,0.346,1.169,92.491
'[17:07:34.300]',0.570,0.375,0.891,0.348,1.152,100.228
'[17:07:34.308]',0.555,0.385,0.851,0.349,1.134,107.808
'[17:07:34.316]',0.545,0.395,0.820,0.350,1.117,114.568
'[17:07:34.324]',0.535,0.400,0.805,0.351,1.102,119.922
'[17:07:34.332]',0.530,0.405,0.800,0.352,1.091,123.790
'[17:07:34.340]',0.525,0.405,0.795,0.352,1.082,126.135
'[17:07:34.348]',0.520,0.405,0.795,0.352,1.071,127.112
'[17:07:34.356]',0.520,0.405,0.795,0.352,1.061,126.916
'[17:07:34.364]',0.525,0.405,0.800,0.352,1.050,125.861
'[17:07:34.372]',0.525,0.405,0.800,0.351,1.040,124.259
'[17:07:34.380]',0.525,0.405,0.805,0.350,1.031,122.188
'[17:07:34.388]',0.525,0.405,0.811,0.348,1.024,120.000
'[17:07:34.396]',0.525,0.405,0.811,0.345,1.019,117.694
'[17:07:34.404]',0.525,0.405,0.815,0.342,1.014,115.506
'[17:07:34.412]',0.525,0.405,0.815,0.339,1.011,113.357
'[17:07:34.420]',0.525,0.405,0.815,0.335,1.009,111.364
'[17:07:34.428]',0.525,0.405,0.815,0.332,1.009,109.450
'[17:07:34.436]',0.525,0.405,0.815,0.328,1.013,107.574
'[17:07:34.444]',0.525,0.405,0.815,0.325,1.019,105.542
'[17:07:34.452]',0.525,0.405,0.815,0.321,1.022,103.510
'[17:07:34.460]',0.525,0.405,0.811,0.317,1.024,101.166
'[17:07:34.468]',0.520,0.405,0.811,0.312,1.025,98.743
'[17:07:34.476]',0.515,0.405,0.811,0.307,1.025,96.047
'[17:07:34.484]',0.515,0.405,0.805,0.303,1.025,93.312
'[17:07:34.492]',0.515,0.405,0.805,0.298,1.030,90.615
'[17:07:34.500]',0.515,0.410,0.805,0.294,1.046,88.036
'[17:07:34.508]',0.515,0.415,0.800,0.290,1.080,85.731
'[17:07:34.516]',0.510,0.415,0.805,0.287,1.140,83.738
'[17:07:34.524]',0.510,0.415,0.800,0.284,1.233,81.980
'[17:07:34.532]',0.510,0.415,0.800,0.282,1.337,80.495
'[17:07:34.540]',0.510,0.415,0.800,0.280,1.460,79.323
'[17:07:34.548]',0.510,0.415,0.800,0.278,1.623,78.502
'[17:07:34.556]',0.510,0.415,0.800,0.276,1.809,77.877
'[17:07:34.564]',0.515,0.415,0.800,0.275,2.008,77.447
'[17:07:34.572]',0.515,0.415,0.800,0.273,2.203,77.173
'[17:07:34.580]',0.515,0.415,0.800,0.272,2.386,77.056
'[17:07:34.588]',0.515,0.415,0.805,0.271,2.548,77.056
'[17:07:34.596]',0.515,0.415,0.800,0.270,2.685,77.134
'[17:07:34.604]',0.515,0.410,0.800,0.269,2.794,77.252
'[17:07:34.612]',0.515,0.410,0.800,0.269,2.875,77.369
'[17:07:34.620]',0.525,0.400,0.811,0.268,2.931,77.447
'[17:07:34.628]',0.545,0.390,0.820,0.268,2.963,77.564
'[17:07:34.636]',0.570,0.375,0.840,0.267,2.974,77.603
'[17:07:34.644]',0.590,0.365,0.855,0.267,2.965,77.564
'[17:07:34.652]',0.605,0.355,0.860,0.266,2.946,77.447
'[17:07:34.660]',0.625,0.345,0.865,0.266,2.921,77.134
'[17:07:34.668]',0.640,0.340,0.830,0.266,2.890,76.822
'[17:07:34.676]',0.640,0.340,0.795,0.265,2.853,76.431
'[17:07:34.684]',0.635,0.345,0.780,0.265,2.812,76.001
'[17:07:34.692]',0.610,0.355,0.775,0.265,2.767,75.493
'[17:07:34.700]',0.575,0.375,0.780,0.265,2.717,74.985
'[17:07:34.708]',0.525,0.400,0.785,0.264,2.661,74.477
'[17:07:34.716]',0.495,0.425,0.790,0.264,2.599,74.008
'[17:07:34.724]',0.475,0.435,0.790,0.264,2.532,73.500
'[17:07:34.732]',0.470,0.440,0.790,0.264,2.466,72.914
'[17:07:34.740]',0.470,0.440,0.795,0.264,2.400,72.367
'[17:07:34.748]',0.475,0.440,0.800,0.264,2.324,71.820
'[17:07:34.756]',0.480,0.435,0.820,0.263,2.241,71.234
'[17:07:34.764]',0.535,0.415,0.835,0.263,2.155,70.726
'[17:07:34.772]',0.660,0.330,0.710,0.263,2.069,70.257
'[17:07:34.780]',0.860,0.175,0.350,0.262,1.983,69.788
'[17:07:34.788]',1.015,0.030,-0.065,0.261,1.901,69.319
'[17:07:34.796]',0.925,0.010,-0.250,0.260,1.825,68.850
'[17:07:34.804]',0.655,0.210,-0.155,0.258,1.755,68.421
'[17:07:34.812]',0.440,0.380,0.055,0.257,1.693,68.069
'[17:07:34.820]',0.395,0.455,0.340,0.256,1.641,67.678
'[17:07:34.828]',0.425,0.465,0.660,0.254,1.598,67.287
'[17:07:34.836]',0.450,0.450,0.885,0.253,1.568,66.936
'[17:07:34.844]',0.460,0.450,0.985,0.251,1.545,66.506
'[17:07:34.852]',0.460,0.450,1.025,0.250,1.526,66.037
'[17:07:34.860]',0.465,0.445,1.041,0.249,1.510,65.685
'[17:07:34.868]',0.465,0.445,1.055,0.248,1.498,65.373
'[17:07:34.876]',0.470,0.440,1.061,0.247,1.489,65.060
'[17:07:34.884]',0.480,0.435,1.065,0.246,1.481,64.787
'[17:07:34.892]',0.485,0.430,1.075,0.244,1.474,64.474
'[17:07:34.900]',0.490,0.425,1.085,0.243,1.467,64.161
'[17:07:34.908]',0.495,0.425,1.095,0.242,1.460,63.927
'[17:07:34.916]',0.500,0.420,1.105,0.241,1.453,63.693
'[17:07:34.924]',0.505,0.415,1.115,0.241,1.443,63.419
'[17:07:34.932]',0.515,0.410,1.135,0.239,1.434,63.106
'[17:07:34.940]',0.525,0.400,1.161,0.238,1.425,62.872
'[17:07:34.948]',0.535,0.395,1.186,0.237,1.413,62.598
'[17:07:34.956]',0.545,0.385,1.215,0.236,1.400,62.286
'[17:07:34.964]',0.555,0.380,1.250,0.235,1.384,61.973
'[17:07:34.972]',0.565,0.375,1.275,0.234,1.369,61.622
'[17:07:34.980]',0.575,0.365,1.295,0.234,1.351,61.309
'[17:07:34.988]',0.595,0.360,1.305,0.233,1.332,60.996
'[17:07:34.996]',0.605,0.355,1.300,0.233,1.313,61.035
'[17:07:35.004]',0.615,0.350,1.275,0.232,1.293,61.817
'[17:07:35.012]',0.620,0.345,1.241,0.232,1.274,64.044
'[17:07:35.020]',0.620,0.345,1.180,0.232,1.254,68.225
'[17:07:35.028]',0.615,0.350,1.121,0.231,1.236,74.243
'[17:07:35.036]',0.610,0.350,1.050,0.231,1.221,81.237
'[17:07:35.044]',0.595,0.360,0.985,0.230,1.209,88.622
'[17:07:35.052]',0.580,0.365,0.925,0.229,1.195,96.359
'[17:07:35.060]',0.565,0.375,0.875,0.227,1.180,104.174
'[17:07:35.068]',0.545,0.385,0.840,0.226,1.165,111.481
'[17:07:35.076]',0.535,0.395,0.815,0.225,1.151,117.694
'[17:07:35.084]',0.525,0.400,0.811,0.223,1.136,122.383
'[17:07:35.092]',0.515,0.405,0.800,0.221,1.122,125.509
'[17:07:35.100]',0.510,0.410,0.795,0.218,1.109,127.072
'[17:07:35.108]',0.505,0.415,0.795,0.215,1.097,127.385
'[17:07:35.116]',0.505,0.415,0.800,0.211,1.085,126.760
'[17:07:35.124]',0.500,0.420,0.805,0.206,1.075,125.431
'[17:07:35.132]',0.500,0.420,0.811,0.201,1.070,123.751
'[17:07:35.140]',0.500,0.420,0.815,0.195,1.068,121.758
'[17:07:35.148]',0.500,0.415,0.815,0.189,1.064,119.570
'[17:07:35.156]',0.500,0.415,0.820,0.183,1.059,117.304
'[17:07:35.164]',0.505,0.415,0.825,0.177,1.054,115.194
'[17:07:35.172]',0.505,0.415,0.825,0.172,1.049,113.123
'[17:07:35.180]',0.505,0.415,0.820,0.167,1.044,111.130
'[17:07:35.188]',0.505,0.415,0.820,0.162,1.041,109.176
'[17:07:35.196]',0.505,0.420,0.815,0.157,1.039,107.300
'[17:07:35.204]',0.500,0.420,0.815,0.152,1.037,105.308
'[17:07:35.212]',0.500,0.425,0.811,0.147,1.035,103.315
'[17:07:35.220]',0.495,0.425,0.811,0.143,1.031,101.048
'[17:07:35.228]',0.495,0.425,0.811,0.139,1.027,98.626
'[17:07:35.236]',0.495,0.425,0.805,0.136,1.025,96.008
'[17:07:35.244]',0.495,0.425,0.805,0.133,1.026,93.312
'[17:07:35.252]',0.500,0.425,0.805,0.131,1.031,90.615
'[17:07:35.260]',0.500,0.425,0.800,0.129,1.048,88.115
'[17:07:35.268]',0.500,0.425,0.800,0.127,1.085,85.848
'[17:07:35.276]',0.500,0.425,0.800,0.125,1.152,83.855
'[17:07:35.284]',0.500,0.425,0.800,0.124,1.252,82.136
'[17:07:35.292]',0.500,0.425,0.800,0.123,1.387,80.690
'[17:07:35.300]',0.500,0.425,0.800,0.123,1.553,79.557
'[17:07:35.308]',0.500,0.425,0.800,0.123,1.742,78.697
'[17:07:35.316]',0.500,0.420,0.800,0.123,1.942,78.072
'[17:07:35.324]',0.505,0.420,0.800,0.123,2.143,77.603
'[17:07:35.332]',0.505,0.415,0.800,0.124,2.309,77.447
'[17:07:35.340]',0.510,0.415,0.800,0.125,2.448,77.291
'[17:07:35.348]',0.510,0.410,0.805,0.126,2.585,77.291
'[17:07:35.356]',0.510,0.410,0.811,0.128,2.704,77.447
'[17:07:35.364]',0.510,0.405,0.811,0.130,2.801,77.564
'[17:07:35.372]',0.510,0.405,0.811,0.132,2.873,77.681
'[17:07:35.380]',0.515,0.400,0.820,0.134,2.922,77.760
'[17:07:35.388]',0.530,0.395,0.830,0.137,2.949,77.760
'[17:07:35.396]',0.550,0.380,0.851,0.140,2.959,77.681
'[17:07:35.404]',0.565,0.375,0.865,0.143,2.953,77.564
'[17:07:35.412]',0.580,0.365,0.870,0.145,2.935,77.291
'[17:07:35.420]',0.600,0.360,0.875,0.148,2.909,76.978
'[17:07:35.428]',0.615,0.355,0.840,0.150,2.876,76.665
'[17:07:35.436]',0.615,0.355,0.805,0.152,2.838,76.314
'[17:07:35.444]',0.610,0.355,0.785,0.154,2.797,75.923
'[17:07:35.452]',0.590,0.360,0.780,0.156,2.751,75.415
'[17:07:35.460]',0.560,0.375,0.780,0.158,2.701,74.946
'[17:07:35.468]',0.515,0.400,0.790,0.160,2.646,74.360
'[17:07:35.476]',0.480,0.425,0.795,0.161,2.587,73.852
'[17:07:35.484]',0.460,0.440,0.795,0.162,2.521,73.305
'[17:07:35.492]',0.450,0.445,0.800,0.163,2.450,72.758
'[17:07:35.500]',0.450,0.450,0.800,0.164,2.372,72.133
'[17:07:35.508]',0.450,0.450,0.805,0.164,2.290,71.547
'[17:07:35.516]',0.460,0.450,0.830,0.164,2.206,71.039
'[17:07:35.524]',0.510,0.425,0.845,0.164,2.120,70.609
'[17:07:35.532]',0.635,0.345,0.730,0.164,2.043,70.179
'[17:07:35.540]',0.831,0.195,0.385,0.164,1.973,69.749
'[17:07:35.548]',0.985,0.050,-0.035,0.164,1.897,69.319
'[17:07:35.556]',0.905,0.025,-0.230,0.163,1.824,68.850
'[17:07:35.564]',0.640,0.215,-0.150,0.163,1.757,68.421
'[17:07:35.572]',0.425,0.390,0.060,0.162,1.696,68.069
'[17:07:35.580]',0.370,0.470,0.340,0.162,1.644,67.756
'[17:07:35.588]',0.395,0.480,0.660,0.161,1.600,67.366
'[17:07:35.596]',0.420,0.470,0.885,0.161,1.564,66.975
'[17:07:35.604]',0.425,0.465,0.990,0.161,1.536,66.623
'[17:07:35.612]',0.430,0.465,1.035,0.162,1.514,66.311
'[17:07:35.620]',0.435,0.465,1.055,0.163,1.499,65.998
'[17:07:35.628]',0.440,0.460,1.065,0.164,1.488,65.685
'[17:07:35.636]',0.445,0.450,1.075,0.166,1.481,65.412
'[17:07:35.644]',0.455,0.450,1.081,0.168,1.475,65.099
'[17:07:35.652]',0.465,0.445,1.085,0.170,1.469,64.865
'[17:07:35.660]',0.470,0.440,1.085,0.172,1.462,64.630
'[17:07:35.668]',0.485,0.430,1.095,0.175,1.455,64.318
'[17:07:35.676]',0.490,0.425,1.101,0.178,1.445,64.044
'[17:07:35.684]',0.505,0.420,1.115,0.182,1.434,63.810
'[17:07:35.692]',0.515,0.410,1.130,0.185,1.421,63.614
'[17:07:35.700]',0.525,0.400,1.150,0.189,1.407,63.419
'[17:07:35.708]',0.535,0.395,1.180,0.193,1.391,63.106
'[17:07:35.716]',0.545,0.385,1.206,0.197,1.374,62.755
'[17:07:35.724]',0.555,0.380,1.235,0.202,1.358,62.442
'[17:07:35.732]',0.565,0.375,1.266,0.207,1.344,62.130
'[17:07:35.740]',0.575,0.370,1.286,0.212,1.331,61.817
'[17:07:35.748]',0.590,0.365,1.300,0.217,1.316,61.543
'[17:07:35.756]',0.595,0.360,1.295,0.223,1.298,61.543
'[17:07:35.764]',0.600,0.355,1.271,0.229,1.280,62.364
'[17:07:35.772]',0.610,0.350,1.230,0.235,1.260,64.630
'[17:07:35.780]',0.610,0.350,1.180,0.241,1.241,68.929
'[17:07:35.788]',0.610,0.355,1.121,0.247,1.223,74.985
'[17:07:35.796]',0.600,0.355,1.050,0.253,1.205,82.136
'[17:07:35.804]',0.590,0.360,0.985,0.259,1.188,89.599
'[17:07:35.812]',0.575,0.370,0.925,0.265,1.172,97.414
'[17:07:35.820]',0.560,0.380,0.880,0.270,1.156,105.308
'[17:07:35.828]',0.550,0.385,0.845,0.275,1.142,112.615
'[17:07:35.836]',0.535,0.390,0.820,0.280,1.132,118.749
'[17:07:35.844]',0.530,0.395,0.805,0.284,1.124,123.243
'[17:07:35.852]',0.525,0.400,0.800,0.289,1.114,126.252
'[17:07:35.860]',0.520,0.405,0.800,0.292,1.104,127.737
'[17:07:35.868]',0.515,0.405,0.800,0.296,1.094,128.010
'[17:07:35.876]',0.515,0.405,0.800,0.299,1.085,127.190
'[17:07:35.884]',0.515,0.405,0.800,0.303,1.077,125.861
'[17:07:35.892]',0.515,0.405,0.811,0.305,1.069,124.064
'[17:07:35.900]',0.525,0.405,0.815,0.308,1.064,121.993
'[17:07:35.908]',0.520,0.405,0.815,0.310,1.058,119.883
'[17:07:35.916]',0.515,0.405,0.820,0.312,1.053,117.733
'[17:07:35.924]',0.515,0.405,0.820,0.312,1.048,115.702
'[17:07:35.932]',0.510,0.410,0.820,0.312,1.046,113.670
'[17:07:35.940]',0.505,0.415,0.820,0.312,1.047,111.794
'[17:07:35.948]',0.505,0.415,0.820,0.311,1.047,109.918
'[17:07:35.956]',0.505,0.420,0.820,0.309,1.047,108.121
'[17:07:35.964]',0.505,0.415,0.820,0.308,1.047,106.167
'[17:07:35.972]',0.510,0.415,0.815,0.306,1.046,104.057
'[17:07:35.980]',0.510,0.415,0.811,0.305,1.044,101.791
'[17:07:35.988]',0.510,0.415,0.811,0.302,1.040,99.368
'[17:07:35.996]',0.510,0.415,0.811,0.300,1.036,96.750
'[17:07:36.004]',0.505,0.415,0.805,0.297,1.035,93.976
'[17:07:36.012]',0.505,0.415,0.805,0.294,1.042,91.358
'[17:07:36.020]',0.505,0.415,0.800,0.291,1.065,88.857
'[17:07:36.028]',0.505,0.415,0.800,0.289,1.101,86.473
'[17:07:36.036]',0.505,0.415,0.800,0.287,1.156,84.481
'[17:07:36.044]',0.505,0.420,0.795,0.286,1.248,82.878
'[17:07:36.052]',0.510,0.415,0.795,0.284,1.376,81.550
'[17:07:36.060]',0.515,0.415,0.795,0.282,1.537,80.378
'[17:07:36.068]',0.510,0.415,0.795,0.280,1.720,79.362
'[17:07:36.076]',0.510,0.415,0.795,0.278,1.919,78.697
'[17:07:36.084]',0.510,0.420,0.795,0.276,2.119,78.424
'[17:07:36.092]',0.510,0.420,0.795,0.275,2.310,78.228
'[17:07:36.100]',0.510,0.420,0.795,0.273,2.483,78.189
'[17:07:36.108]',0.510,0.420,0.795,0.272,2.630,78.307
'[17:07:36.116]',0.510,0.420,0.795,0.272,2.752,78.424
'[17:07:36.124]',0.510,0.420,0.795,0.271,2.845,78.502
'[17:07:36.132]',0.510,0.420,0.795,0.271,2.903,78.502
'[17:07:36.140]',0.515,0.415,0.800,0.272,2.935,78.541
'[17:07:36.148]',0.535,0.405,0.815,0.273,2.956,78.619
'[17:07:36.156]',0.555,0.395,0.830,0.274,2.964,78.697
'[17:07:36.164]',0.570,0.380,0.845,0.276,2.958,78.502
'[17:07:36.172]',0.590,0.370,0.851,0.278,2.942,78.111
'[17:07:36.180]',0.610,0.360,0.835,0.280,2.918,77.603
'[17:07:36.188]',0.620,0.355,0.811,0.281,2.887,77.252
'[17:07:36.196]',0.625,0.355,0.780,0.283,2.849,76.978
'[17:07:36.204]',0.620,0.355,0.775,0.284,2.807,76.509
'[17:07:36.212]',0.595,0.365,0.775,0.286,2.761,75.806
'[17:07:36.220]',0.560,0.385,0.780,0.288,2.711,75.102
'[17:07:36.228]',0.525,0.410,0.785,0.291,2.659,74.555
'[17:07:36.236]',0.500,0.425,0.785,0.293,2.605,74.008
'[17:07:36.244]',0.485,0.430,0.790,0.295,2.544,73.305
'[17:07:36.252]',0.485,0.435,0.795,0.297,2.476,72.758
'[17:07:36.260]',0.480,0.435,0.795,0.299,2.402,72.250
'[17:07:36.268]',0.480,0.435,0.805,0.301,2.323,71.742
'[17:07:36.276]',0.495,0.430,0.830,0.301,2.239,71.312
'[17:07:36.284]',0.565,0.400,0.835,0.303,2.154,70.804
'[17:07:36.292]',0.725,0.290,0.610,0.303,2.068,70.374
'[17:07:36.300]',0.930,0.125,0.200,0.304,1.984,69.945
'[17:07:36.308]',1.021,0.020,-0.155,0.304,1.904,69.554
'[17:07:36.316]',0.860,0.090,-0.235,0.305,1.831,69.124
'[17:07:36.324]',0.585,0.270,-0.090,0.304,1.764,68.733
'[17:07:36.332]',0.430,0.415,0.145,0.304,1.712,68.421
'[17:07:36.340]',0.405,0.465,0.450,0.303,1.670,68.069
'[17:07:36.348]',0.445,0.460,0.750,0.303,1.630,67.678
'[17:07:36.356]',0.460,0.450,0.925,0.302,1.596,67.248
'[17:07:36.364]',0.465,0.450,1.000,0.302,1.569,66.858
'[17:07:36.372]',0.465,0.450,1.035,0.302,1.548,66.506
'[17:07:36.380]',0.465,0.450,1.050,0.301,1.533,66.115
'[17:07:36.388]',0.470,0.445,1.061,0.301,1.522,65.685
'[17:07:36.396]',0.475,0.440,1.070,0.301,1.513,65.373
'[17:07:36.404]',0.485,0.440,1.075,0.301,1.506,65.060
'[17:07:36.412]',0.490,0.435,1.075,0.301,1.500,64.787
'[17:07:36.420]',0.490,0.430,1.085,0.300,1.492,64.474
'[17:07:36.428]',0.490,0.425,1.095,0.300,1.485,64.122
'[17:07:36.436]',0.500,0.425,1.105,0.301,1.479,63.810
'[17:07:36.444]',0.505,0.420,1.121,0.301,1.469,63.497
'[17:07:36.452]',0.510,0.420,1.141,0.302,1.457,63.224
'[17:07:36.460]',0.520,0.410,1.166,0.303,1.444,62.911
'[17:07:36.468]',0.530,0.400,1.201,0.304,1.428,62.677
'[17:07:36.476]',0.550,0.390,1.230,0.305,1.411,62.442
'[17:07:36.484]',0.565,0.385,1.255,0.306,1.392,62.169
'[17:07:36.492]',0.575,0.375,1.286,0.308,1.372,61.856
'[17:07:36.500]',0.585,0.370,1.305,0.309,1.352,61.543
'[17:07:36.508]',0.595,0.365,1.315,0.311,1.330,61.309
'[17:07:36.516]',0.605,0.360,1.300,0.312,1.310,61.426
'[17:07:36.524]',0.610,0.355,1.271,0.314,1.289,62.598
'[17:07:36.532]',0.615,0.355,1.226,0.316,1.273,65.568
'[17:07:36.540]',0.615,0.355,1.170,0.318,1.258,70.609
'[17:07:36.548]',0.610,0.355,1.101,0.320,1.241,77.291
'[17:07:36.556]',0.595,0.360,1.035,0.322,1.225,84.598
'[17:07:36.564]',0.585,0.365,0.970,0.324,1.207,92.296
'[17:07:36.572]',0.570,0.375,0.910,0.326,1.191,100.189
'[17:07:36.580]',0.555,0.385,0.865,0.328,1.175,108.004
'[17:07:36.588]',0.540,0.395,0.830,0.330,1.160,114.881
'[17:07:36.596]',0.525,0.405,0.815,0.331,1.146,120.312
'[17:07:36.604]',0.515,0.415,0.800,0.332,1.132,124.181
'[17:07:36.612]',0.510,0.415,0.795,0.332,1.119,126.604
'[17:07:36.620]',0.505,0.415,0.795,0.332,1.107,127.698
'[17:07:36.628]',0.500,0.420,0.800,0.331,1.098,127.541
'[17:07:36.636]',0.500,0.415,0.800,0.331,1.091,126.564
'[17:07:36.644]',0.505,0.415,0.805,0.330,1.082,125.041
'[17:07:36.652]',0.505,0.415,0.811,0.329,1.072,123.165
'[17:07:36.660]',0.510,0.415,0.815,0.327,1.064,121.055
'[17:07:36.668]',0.510,0.415,0.820,0.326,1.055,118.789
'[17:07:36.676]',0.510,0.410,0.820,0.324,1.047,116.600
'[17:07:36.684]',0.510,0.410,0.825,0.323,1.041,114.568
'[17:07:36.692]',0.510,0.410,0.820,0.320,1.030,112.615
'[17:07:36.700]',0.510,0.415,0.820,0.318,1.019,110.739
'[17:07:36.708]',0.510,0.415,0.820,0.314,1.011,108.863
'[17:07:36.716]',0.510,0.415,0.815,0.312,1.006,106.988
'[17:07:36.724]',0.510,0.420,0.815,0.308,1.002,104.995
'[17:07:36.732]',0.510,0.420,0.811,0.304,1.002,102.807
'[17:07:36.740]',0.510,0.415,0.811,0.301,1.002,100.384
'[17:07:36.748]',0.510,0.415,0.811,0.297,0.998,97.805
'[17:07:36.756]',0.505,0.420,0.805,0.293,0.993,95.109
'[17:07:36.764]',0.505,0.415,0.805,0.290,0.990,92.374
'[17:07:36.772]',0.510,0.415,0.800,0.287,0.995,89.756
'[17:07:36.780]',0.510,0.415,0.800,0.283,1.017,87.372
'[17:07:36.788]',0.510,0.415,0.800,0.280,1.064,85.223
'[17:07:36.796]',0.510,0.415,0.800,0.277,1.143,83.386
'[17:07:36.804]',0.515,0.410,0.800,0.274,1.258,81.745
'[17:07:36.812]',0.525,0.405,0.800,0.271,1.409,80.417
'[17:07:36.820]',0.520,0.405,0.800,0.268,1.588,79.362
'[17:07:36.828]',0.515,0.410,0.805,0.266,1.761,78.619
'[17:07:36.836]',0.510,0.415,0.805,0.263,1.927,78.111
'[17:07:36.844]',0.510,0.415,0.805,0.260,2.113,77.799
'[17:07:36.852]',0.505,0.415,0.805,0.258,2.299,77.603
'[17:07:36.860]',0.505,0.420,0.805,0.256,2.470,77.564
'[17:07:36.868]',0.500,0.420,0.805,0.254,2.618,77.603
'[17:07:36.876]',0.500,0.420,0.811,0.253,2.739,77.681
'[17:07:36.884]',0.500,0.420,0.811,0.252,2.831,77.760
'[17:07:36.892]',0.500,0.420,0.811,0.251,2.896,77.799
'[17:07:36.900]',0.505,0.415,0.815,0.250,2.936,77.799
'[17:07:36.908]',0.520,0.405,0.820,0.249,2.957,77.799
'[17:07:36.916]',0.545,0.385,0.840,0.248,2.960,77.760
'[17:07:36.924]',0.570,0.375,0.855,0.248,2.950,77.603
'[17:07:36.932]',0.590,0.360,0.865,0.247,2.929,77.369
'[17:07:36.940]',0.615,0.355,0.870,0.247,2.900,76.978
'[17:07:36.948]',0.630,0.345,0.851,0.246,2.866,76.626
'[17:07:36.956]',0.640,0.340,0.815,0.246,2.827,76.197
'[17:07:36.964]',0.640,0.345,0.785,0.246,2.783,75.728
'[17:07:36.972]',0.625,0.350,0.780,0.246,2.735,75.259
'[17:07:36.980]',0.595,0.365,0.780,0.245,2.682,74.673
'[17:07:36.988]',0.550,0.395,0.780,0.245,2.625,74.126
'[17:07:36.996]',0.510,0.415,0.790,0.245,2.561,73.500
'[17:07:37.004]',0.485,0.430,0.790,0.245,2.492,72.914
'[17:07:37.012]',0.475,0.435,0.795,0.245,2.416,72.289
'[17:07:37.020]',0.470,0.435,0.795,0.245,2.335,71.742
'[17:07:37.028]',0.465,0.440,0.795,0.245,2.259,71.234
'[17:07:37.036]',0.465,0.440,0.815,0.245,2.185,70.726
'[17:07:37.044]',0.490,0.425,0.840,0.245,2.103,70.257
'[17:07:37.052]',0.585,0.375,0.795,0.245,2.019,69.749
'[17:07:37.060]',0.760,0.250,0.530,0.245,1.935,69.319
'[17:07:37.068]',0.960,0.080,0.100,0.245,1.855,68.811
'[17:07:37.076]',1.000,0.025,-0.200,0.245,1.781,68.303
'[17:07:37.084]',0.750,0.150,-0.240,0.245,1.715,67.874
'[17:07:37.092]',0.485,0.335,-0.030,0.245,1.657,67.444
'[17:07:37.100]',0.375,0.455,0.229,0.245,1.607,67.053
'[17:07:37.108]',0.390,0.480,0.550,0.245,1.565,66.662
'[17:07:37.116]',0.425,0.470,0.825,0.244,1.531,66.311
'[17:07:37.124]',0.435,0.465,0.960,0.243,1.504,65.998
'[17:07:37.132]',0.440,0.465,1.021,0.243,1.487,65.607
'[17:07:37.140]',0.440,0.460,1.045,0.242,1.475,65.295
'[17:07:37.148]',0.445,0.455,1.061,0.241,1.464,64.982
'[17:07:37.156]',0.460,0.450,1.075,0.241,1.456,64.748
'[17:07:37.164]',0.470,0.445,1.081,0.240,1.448,64.435
'[17:07:37.172]',0.480,0.435,1.081,0.240,1.441,64.122
'[17:07:37.180]',0.485,0.430,1.085,0.240,1.433,63.849
'[17:07:37.188]',0.495,0.425,1.095,0.240,1.424,63.614
'[17:07:37.196]',0.500,0.425,1.105,0.240,1.413,63.380
'[17:07:37.204]',0.505,0.420,1.115,0.240,1.401,63.106
'[17:07:37.212]',0.515,0.415,1.130,0.240,1.387,62.872
'[17:07:37.220]',0.525,0.405,1.150,0.241,1.371,62.598
'[17:07:37.228]',0.535,0.400,1.175,0.242,1.358,62.286
'[17:07:37.236]',0.550,0.395,1.206,0.244,1.345,62.051
'[17:07:37.244]',0.560,0.385,1.235,0.246,1.328,61.817
'[17:07:37.252]',0.570,0.380,1.266,0.248,1.310,61.426
'[17:07:37.260]',0.580,0.375,1.286,0.251,1.290,61.114
'[17:07:37.268]',0.595,0.365,1.300,0.254,1.269,60.801
'[17:07:37.276]',0.610,0.355,1.305,0.257,1.247,60.606
'[17:07:37.284]',0.615,0.350,1.286,0.260,1.226,60.996
'[17:07:37.292]',0.620,0.350,1.255,0.264,1.205,62.481
'[17:07:37.300]',0.615,0.350,1.210,0.267,1.185,65.881
'[17:07:37.308]',0.615,0.355,1.150,0.270,1.165,71.312
'[17:07:37.316]',0.610,0.355,1.085,0.273,1.146,78.072
'[17:07:37.324]',0.600,0.355,1.016,0.276,1.127,85.379
'[17:07:37.332]',0.580,0.365,0.950,0.279,1.113,92.999
'[17:07:37.340]',0.570,0.375,0.900,0.282,1.104,100.814
'[17:07:37.348]',0.555,0.385,0.860,0.284,1.091,108.355
'[17:07:37.356]',0.545,0.395,0.830,0.287,1.077,114.998
'[17:07:37.364]',0.530,0.400,0.815,0.288,1.065,120.195
'[17:07:37.372]',0.525,0.405,0.805,0.290,1.053,123.946
'[17:07:37.380]',0.515,0.410,0.800,0.290,1.041,126.135
'[17:07:37.388]',0.510,0.415,0.800,0.291,1.030,126.916
'[17:07:37.396]',0.510,0.415,0.805,0.290,1.021,126.604
'[17:07:37.404]',0.515,0.415,0.811,0.290,1.012,125.509
'[17:07:37.412]',0.525,0.410,0.815,0.290,1.005,123.790
'[17:07:37.420]',0.525,0.405,0.815,0.289,0.998,121.797
'[17:07:37.428]',0.510,0.410,0.815,0.286,0.996,119.570
'[17:07:37.436]',0.500,0.415,0.815,0.283,0.996,117.226
'[17:07:37.444]',0.500,0.420,0.820,0.278,0.994,114.998
'[17:07:37.452]',0.505,0.415,0.825,0.274,0.992,112.888
'[17:07:37.460]',0.510,0.415,0.830,0.269,0.989,110.817
'[17:07:37.468]',0.515,0.415,0.830,0.265,0.987,108.824
'[17:07:37.476]',0.510,0.415,0.825,0.260,0.986,106.871
'[17:07:37.484]',0.505,0.415,0.820,0.256,0.985,104.995
'[17:07:37.492]',0.500,0.420,0.815,0.251,0.984,103.002
'[17:07:37.500]',0.500,0.420,0.815,0.246,0.983,100.814
'[17:07:37.508]',0.500,0.420,0.811,0.240,0.981,98.352
'[17:07:37.516]',0.500,0.420,0.811,0.235,0.978,95.695
'[17:07:37.524]',0.500,0.425,0.811,0.231,0.977,92.999
'[17:07:37.532]',0.500,0.425,0.805,0.226,0.979,90.303
'[17:07:37.540]',0.505,0.425,0.800,0.223,0.991,87.724
'[17:07:37.548]',0.505,0.425,0.800,0.219,1.018,85.418
'[17:07:37.556]',0.505,0.425,0.800,0.216,1.067,83.386
'[17:07:37.564]',0.505,0.425,0.795,0.214,1.149,81.550
'[17:07:37.572]',0.505,0.425,0.795,0.212,1.266,80.065
'[17:07:37.580]',0.505,0.420,0.795,0.210,1.418,78.815
'[17:07:37.588]',0.510,0.420,0.800,0.208,1.601,77.799
'[17:07:37.596]',0.510,0.420,0.800,0.207,1.804,77.134
'[17:07:37.604]',0.510,0.420,0.800,0.206,2.013,76.626
'[17:07:37.612]',0.510,0.420,0.800,0.206,2.217,76.353
'[17:07:37.620]',0.515,0.415,0.800,0.206,2.405,76.236
'[17:07:37.628]',0.510,0.415,0.800,0.206,2.550,76.236
'[17:07:37.636]',0.510,0.415,0.800,0.207,2.664,76.314
'[17:07:37.644]',0.505,0.420,0.800,0.208,2.767,76.509
'[17:07:37.652]',0.505,0.420,0.805,0.208,2.851,76.626
'[17:07:37.660]',0.505,0.420,0.805,0.209,2.913,76.744
'[17:07:37.668]',0.520,0.415,0.815,0.210,2.953,76.861
'[17:07:37.676]',0.540,0.395,0.830,0.211,2.973,76.861
'[17:07:37.684]',0.565,0.380,0.845,0.212,2.976,76.861
'[17:07:37.692]',0.580,0.375,0.860,0.213,2.964,76.744
'[17:07:37.700]',0.600,0.360,0.865,0.215,2.941,76.509
'[17:07:37.708]',0.620,0.345,0.860,0.216,2.909,76.236
'[17:07:37.716]',0.635,0.340,0.830,0.217,2.871,75.884
'[17:07:37.724]',0.640,0.340,0.795,0.219,2.829,75.493
'[17:07:37.732]',0.625,0.345,0.780,0.220,2.785,75.063
'[17:07:37.740]',0.605,0.355,0.780,0.221,2.735,74.555
'[17:07:37.748]',0.565,0.375,0.785,0.222,2.680,74.047
'[17:07:37.756]',0.525,0.405,0.790,0.223,2.622,73.500
'[17:07:37.764]',0.500,0.425,0.795,0.224,2.556,72.914
'[17:07:37.772]',0.485,0.430,0.795,0.224,2.485,72.289
'[17:07:37.780]',0.470,0.435,0.795,0.225,2.409,71.820
'[17:07:37.788]',0.465,0.440,0.800,0.226,2.326,71.234
'[17:07:37.796]',0.465,0.440,0.811,0.226,2.239,70.687
'[17:07:37.804]',0.480,0.440,0.835,0.227,2.151,70.101
'[17:07:37.812]',0.545,0.400,0.845,0.227,2.061,69.632
'[17:07:37.820]',0.700,0.295,0.630,0.227,1.972,69.124
'[17:07:37.828]',0.905,0.130,0.220,0.226,1.895,69.007
'[17:07:37.836]',0.990,0.030,-0.150,0.226,1.828,70.804
'[17:07:37.844]',0.825,0.100,-0.235,0.226,1.759,76.744
'[17:07:37.852]',0.550,0.285,-0.090,0.226,1.694,83.425
'[17:07:37.860]',0.395,0.425,0.145,0.225,1.635,79.166
'[17:07:37.868]',0.375,0.470,0.450,0.225,1.585,58.613
'[17:07:37.876]',0.420,0.475,0.755,0.225,1.543,37.786
'[17:07:37.884]',0.440,0.460,0.936,0.224,1.509,39.114
'[17:07:37.892]',0.445,0.460,1.010,0.223,1.483,59.472
'[17:07:37.900]',0.440,0.460,1.041,0.222,1.462,73.852
'[17:07:37.908]',0.440,0.460,1.061,0.221,1.448,71.351
'[17:07:37.916]',0.445,0.455,1.070,0.220,1.438,65.256
'[17:07:37.924]',0.450,0.450,1.081,0.219,1.432,67.287
'[17:07:37.932]',0.455,0.450,1.085,0.218,1.428,71.937
'[17:07:37.940]',0.460,0.445,1.090,0.217,1.424,70.374
'[17:07:37.948]',0.465,0.445,1.101,0.216,1.419,65.177
'[17:07:37.956]',0.470,0.440,1.105,0.216,1.413,63.693
'[17:07:37.964]',0.480,0.430,1.121,0.215,1.406,65.256
'[17:07:37.972]',0.490,0.425,1.130,0.216,1.397,64.318
'[17:07:37.980]',0.500,0.420,1.146,0.216,1.386,60.410
'[17:07:37.988]',0.505,0.415,1.170,0.217,1.373,58.066
'[17:07:37.996]',0.510,0.410,1.201,0.218,1.359,58.847
'[17:07:38.004]',0.520,0.405,1.235,0.220,1.342,60.371
'[17:07:38.012]',0.540,0.395,1.266,0.222,1.325,60.254
'[17:07:38.020]',0.560,0.380,1.295,0.224,1.307,59.004
'[17:07:38.028]',0.585,0.365,1.315,0.227,1.292,57.909
'[17:07:38.036]',0.600,0.355,1.321,0.229,1.279,57.792
'[17:07:38.044]',0.610,0.350,1.305,0.232,1.262,58.378
'[17:07:38.052]',0.615,0.350,1.275,0.235,1.243,59.668
'[17:07:38.060]',0.620,0.350,1.226,0.237,1.225,62.989
'[17:07:38.068]',0.620,0.350,1.170,0.241,1.205,68.811
'[17:07:38.076]',0.610,0.350,1.105,0.245,1.186,76.118
'[17:07:38.084]',0.595,0.360,1.035,0.249,1.167,83.308
'[17:07:38.092]',0.580,0.365,0.970,0.253,1.150,90.225
'[17:07:38.100]',0.565,0.375,0.915,0.257,1.133,97.493
'[17:07:38.108]',0.545,0.385,0.875,0.260,1.117,104.917
'[17:07:38.116]',0.525,0.400,0.840,0.263,1.102,111.950
'[17:07:38.124]',0.515,0.405,0.825,0.265,1.091,117.421
'[17:07:38.132]',0.505,0.415,0.815,0.268,1.082,120.234
'[17:07:38.140]',0.500,0.415,0.811,0.270,1.071,119.922
'[17:07:38.148]',0.500,0.415,0.805,0.272,1.061,117.694
'[17:07:38.156]',0.505,0.415,0.805,0.275,1.050,115.741
'[17:07:38.164]',0.505,0.420,0.811,0.275,1.039,114.607
'[17:07:38.172]',0.505,0.420,0.815,0.276,1.029,112.419
'[17:07:38.180]',0.500,0.415,0.820,0.276,1.021,108.942
'[17:07:38.188]',0.500,0.415,0.825,0.275,1.014,107.808
'[17:07:38.196]',0.505,0.410,0.825,0.274,1.008,111.364
'[17:07:38.204]',0.505,0.410,0.830,0.273,1.002,114.920
'[17:07:38.212]',0.510,0.410,0.830,0.272,0.996,111.872
'[17:07:38.220]',0.510,0.415,0.830,0.270,0.991,103.549
'[17:07:38.228]',0.510,0.410,0.830,0.267,0.990,98.977
'[17:07:38.236]',0.510,0.410,0.830,0.265,0.992,102.924
'[17:07:38.244]',0.510,0.410,0.825,0.261,0.992,110.426
'[17:07:38.252]',0.510,0.415,0.825,0.257,0.991,114.803
'[17:07:38.260]',0.505,0.415,0.820,0.253,0.989,114.881
'[17:07:38.268]',0.505,0.420,0.815,0.249,0.986,113.005
'[17:07:38.276]',0.505,0.420,0.811,0.245,0.982,110.505
'[17:07:38.284]',0.500,0.420,0.811,0.241,0.978,107.496
'[17:07:38.292]',0.500,0.415,0.811,0.237,0.976,103.549
'[17:07:38.300]',0.500,0.415,0.811,0.233,0.982,98.626
'[17:07:38.308]',0.500,0.415,0.811,0.229,1.005,94.132
'[17:07:38.316]',0.505,0.415,0.805,0.225,1.053,90.068
'[17:07:38.324]',0.505,0.420,0.805,0.221,1.116,85.067
'[17:07:38.332]',0.505,0.420,0.805,0.218,1.202,79.440
'[17:07:38.340]',0.500,0.420,0.805,0.215,1.330,75.923
'[17:07:38.348]',0.500,0.420,0.805,0.212,1.494,75.376
'[17:07:38.356]',0.500,0.420,0.805,0.209,1.683,76.118
'[17:07:38.364]',0.500,0.420,0.811,0.206,1.889,76.939
'[17:07:38.372]',0.505,0.415,0.811,0.204,2.096,77.681
'[17:07:38.380]',0.510,0.410,0.811,0.202,2.293,78.815
'[17:07:38.388]',0.515,0.405,0.811,0.200,2.471,80.299
'[17:07:38.396]',0.525,0.400,0.805,0.199,2.625,82.292
'[17:07:38.404]',0.525,0.400,0.805,0.198,2.750,83.855
'[17:07:38.412]',0.525,0.400,0.811,0.197,2.847,83.230
'[17:07:38.420]',0.515,0.400,0.811,0.196,2.915,80.417
'[17:07:38.428]',0.515,0.400,0.815,0.196,2.952,77.760
'[17:07:38.436]',0.535,0.390,0.830,0.195,2.967,76.939
'[17:07:38.444]',0.560,0.375,0.845,0.195,2.972,77.447
'[17:07:38.452]',0.580,0.360,0.860,0.195,2.965,77.799
'[17:07:38.460]',0.595,0.355,0.870,0.195,2.946,76.861
'[17:07:38.468]',0.620,0.340,0.875,0.196,2.919,74.360
'[17:07:38.476]',0.635,0.335,0.835,0.196,2.885,71.508
'[17:07:38.484]',0.645,0.335,0.795,0.196,2.844,69.358
'[17:07:38.492]',0.645,0.335,0.775,0.196,2.797,68.303
'[17:07:38.500]',0.625,0.340,0.775,0.195,2.745,68.108
'[17:07:38.508]',0.585,0.360,0.780,0.195,2.688,69.749
'[17:07:38.516]',0.540,0.390,0.790,0.194,2.627,73.383
'[17:07:38.524]',0.505,0.415,0.795,0.194,2.566,77.486
'[17:07:38.532]',0.490,0.425,0.795,0.194,2.504,79.440
'[17:07:38.540]',0.480,0.425,0.795,0.194,2.433,78.932
'[17:07:38.548]',0.480,0.430,0.795,0.194,2.354,77.603
'[17:07:38.556]',0.480,0.425,0.795,0.194,2.270,76.548
'[17:07:38.564]',0.490,0.425,0.820,0.194,2.183,74.868
'[17:07:38.572]',0.535,0.410,0.840,0.193,2.094,71.664
'[17:07:38.580]',0.660,0.325,0.726,0.193,2.006,67.248
'[17:07:38.588]',0.860,0.170,0.370,0.192,1.921,63.067
'[17:07:38.596]',1.015,0.025,-0.045,0.191,1.841,59.941
'[17:07:38.604]',0.936,0.005,-0.230,0.190,1.766,57.675
'[17:07:38.612]',0.670,0.200,-0.141,0.190,1.701,56.346
'[17:07:38.620]',0.465,0.365,0.060,0.190,1.643,56.815
'[17:07:38.628]',0.415,0.445,0.345,0.189,1.599,58.417
'[17:07:38.636]',0.445,0.450,0.660,0.189,1.565,58.847
'[17:07:38.644]',0.470,0.440,0.885,0.189,1.534,55.917
'[17:07:38.652]',0.475,0.440,0.980,0.190,1.508,50.993
'[17:07:38.660]',0.470,0.440,1.025,0.190,1.488,48.727
'[17:07:38.668]',0.475,0.440,1.045,0.190,1.472,51.618
'[17:07:38.676]',0.475,0.440,1.061,0.191,1.460,56.425
'[17:07:38.684]',0.480,0.435,1.065,0.191,1.452,59.316
'[17:07:38.692]',0.485,0.435,1.075,0.192,1.444,60.996
'[17:07:38.700]',0.480,0.430,1.081,0.193,1.436,64.161
'[17:07:38.708]',0.480,0.430,1.085,0.194,1.428,67.483
'[17:07:38.716]',0.485,0.425,1.095,0.195,1.420,67.170
'[17:07:38.724]',0.495,0.420,1.105,0.196,1.413,62.677
'[17:07:38.732]',0.500,0.415,1.115,0.198,1.407,57.792
'[17:07:38.740]',0.505,0.415,1.135,0.201,1.403,57.870
'[17:07:38.748]',0.510,0.410,1.155,0.203,1.400,63.693
'[17:07:38.756]',0.515,0.405,1.180,0.206,1.391,70.062
'[17:07:38.764]',0.525,0.400,1.210,0.210,1.378,71.820
'[17:07:38.772]',0.530,0.395,1.246,0.214,1.364,69.124
'[17:07:38.780]',0.535,0.385,1.271,0.219,1.347,65.373
'[17:07:38.788]',0.545,0.380,1.295,0.225,1.329,62.598
'[17:07:38.796]',0.550,0.380,1.305,0.231,1.311,60.059
'[17:07:38.804]',0.560,0.375,1.300,0.238,1.292,57.050
'[17:07:38.812]',0.565,0.375,1.275,0.246,1.273,56.112
'[17:07:38.820]',0.560,0.375,1.241,0.254,1.253,60.410
'[17:07:38.828]',0.560,0.375,1.186,0.262,1.238,70.257
'[17:07:38.836]',0.565,0.375,1.125,0.270,1.225,83.504
'[17:07:38.844]',0.570,0.370,1.061,0.279,1.209,96.242
'[17:07:38.852]',0.575,0.370,0.990,0.287,1.193,104.135
'[17:07:38.860]',0.570,0.370,0.936,0.295,1.176,106.480
'[17:07:38.868]',0.565,0.375,0.891,0.303,1.160,107.574
'[17:07:38.876]',0.555,0.385,0.855,0.311,1.146,110.934
'[17:07:38.884]',0.545,0.395,0.830,0.320,1.132,115.233
'[17:07:38.892]',0.535,0.400,0.815,0.328,1.119,118.320
'[17:07:38.900]',0.530,0.400,0.805,0.334,1.107,121.446
'[17:07:38.908]',0.515,0.405,0.800,0.341,1.096,125.861
'[17:07:38.916]',0.510,0.410,0.805,0.346,1.086,128.323
'[17:07:38.924]',0.510,0.410,0.805,0.351,1.080,125.314
'[17:07:38.932]',0.510,0.415,0.805,0.355,1.077,119.257
'[17:07:38.940]',0.505,0.415,0.805,0.360,1.071,114.764
'[17:07:38.948]',0.505,0.420,0.811,0.364,1.065,113.044
'[17:07:38.956]',0.500,0.420,0.815,0.367,1.061,112.107
'[17:07:38.964]',0.490,0.425,0.820,0.369,1.056,109.762
'[17:07:38.972]',0.485,0.430,0.825,0.372,1.051,105.073
'[17:07:38.980]',0.480,0.430,0.825,0.373,1.048,99.798
'[17:07:38.988]',0.470,0.430,0.825,0.374,1.045,97.258
'[17:07:38.996]',0.470,0.430,0.825,0.375,1.043,99.173
'[17:07:39.004]',0.470,0.430,0.825,0.376,1.042,104.448
'[17:07:39.012]',0.480,0.430,0.825,0.376,1.042,108.199
'[17:07:39.020]',0.485,0.430,0.820,0.376,1.042,105.112
'[17:07:39.028]',0.485,0.430,0.815,0.376,1.044,97.063
'[17:07:39.036]',0.490,0.425,0.811,0.376,1.046,92.725
'[17:07:39.044]',0.490,0.425,0.805,0.375,1.045,95.304
'[17:07:39.052]',0.495,0.425,0.805,0.374,1.044,97.102
'[17:07:39.060]',0.500,0.425,0.805,0.374,1.047,92.178
'[17:07:39.068]',0.500,0.425,0.800,0.373,1.061,84.988
'[17:07:39.076]',0.505,0.425,0.800,0.372,1.094,81.667
'[17:07:39.084]',0.510,0.425,0.800,0.372,1.154,82.918
'[17:07:39.092]',0.505,0.425,0.800,0.370,1.249,85.809
'[17:07:39.100]',0.500,0.430,0.800,0.369,1.379,87.411
'[17:07:39.108]',0.495,0.430,0.795,0.368,1.542,86.551
'[17:07:39.116]',0.495,0.430,0.795,0.367,1.729,84.793
'[17:07:39.124]',0.495,0.430,0.795,0.366,1.902,83.621
'[17:07:39.132]',0.495,0.430,0.800,0.366,2.066,81.433
'[17:07:39.140]',0.500,0.430,0.800,0.366,2.246,77.252
'[17:07:39.148]',0.500,0.430,0.800,0.366,2.421,72.289
'[17:07:39.156]',0.485,0.435,0.795,0.366,2.579,66.975
'[17:07:39.164]',0.440,0.460,0.785,0.366,2.713,62.481
'[17:07:39.172]',0.380,0.485,0.785,0.366,2.819,62.598
'[17:07:39.180]',0.360,0.500,0.805,0.366,2.899,67.913
'[17:07:39.188]',0.400,0.480,0.830,0.367,2.953,75.415
'[17:07:39.196]',0.480,0.445,0.855,0.368,2.985,87.255
'[17:07:39.204]',0.555,0.405,0.865,0.370,2.999,103.979
'[17:07:39.212]',0.610,0.375,0.870,0.372,2.996,112.888
'[17:07:39.220]',0.640,0.355,0.865,0.374,2.980,102.377
'[17:07:39.228]',0.655,0.345,0.855,0.376,2.955,83.308
'[17:07:39.236]',0.670,0.340,0.830,0.377,2.923,74.868
'[17:07:39.244]',0.675,0.340,0.790,0.379,2.886,79.948
'[17:07:39.252]',0.680,0.340,0.771,0.381,2.844,83.816
'[17:07:39.260]',0.670,0.340,0.766,0.383,2.797,73.696
'[17:07:39.268]',0.650,0.350,0.766,0.385,2.746,55.057
'[17:07:39.276]',0.615,0.375,0.771,0.387,2.690,43.256
'[17:07:39.284]',0.580,0.395,0.771,0.388,2.629,44.350
'[17:07:39.292]',0.550,0.410,0.771,0.389,2.562,53.807
'[17:07:39.300]',0.530,0.420,0.771,0.389,2.490,64.161
'[17:07:39.308]',0.515,0.425,0.775,0.389,2.412,70.062
'[17:07:39.316]',0.500,0.430,0.775,0.389,2.328,70.687
'[17:07:39.324]',0.495,0.440,0.805,0.389,2.252,70.062
'[17:07:39.332]',0.520,0.425,0.830,0.389,2.178,70.687
'[17:07:39.340]',0.625,0.365,0.730,0.389,2.097,71.195
'[17:07:39.348]',0.811,0.220,0.400,0.389,2.014,70.726
'[17:07:39.356]',0.976,0.070,-0.025,0.389,1.933,71.351
'[17:07:39.364]',0.980,0.045,-0.235,0.389,1.856,73.618
'[17:07:39.372]',0.635,0.230,-0.155,0.388,1.787,74.790
'[17:07:39.380]',0.395,0.415,0.050,0.388,1.726,72.992
'[17:07:39.388]',0.315,0.505,0.325,0.388,1.674,69.437
'[17:07:39.396]',0.345,0.515,0.646,0.388,1.630,66.545
'[17:07:39.404]',0.375,0.500,0.880,0.388,1.594,64.669
'[17:07:39.412]',0.380,0.495,0.990,0.388,1.567,62.677
'[17:07:39.420]',0.380,0.500,1.030,0.388,1.546,60.606
'[17:07:39.428]',0.390,0.495,1.050,0.389,1.534,59.551
'[17:07:39.436]',0.395,0.495,1.065,0.390,1.525,60.059
'[17:07:39.444]',0.400,0.485,1.075,0.390,1.516,61.348
'[17:07:39.452]',0.405,0.485,1.081,0.391,1.508,62.755
'[17:07:39.460]',0.415,0.475,1.085,0.391,1.500,63.927
'[17:07:39.468]',0.425,0.470,1.095,0.392,1.493,64.669
'[17:07:39.476]',0.435,0.465,1.101,0.392,1.484,65.373
'[17:07:39.484]',0.445,0.460,1.110,0.393,1.473,66.350
'[17:07:39.492]',0.450,0.450,1.121,0.394,1.460,66.819
'[17:07:39.500]',0.460,0.445,1.135,0.395,1.447,64.552
'[17:07:39.508]',0.475,0.440,1.161,0.396,1.431,59.238
'[17:07:39.516]',0.485,0.430,1.186,0.397,1.413,54.666
'[17:07:39.524]',0.500,0.420,1.215,0.397,1.398,55.409
'[17:07:39.532]',0.515,0.415,1.246,0.398,1.383,62.130
'[17:07:39.540]',0.530,0.400,1.275,0.398,1.365,70.257
'[17:07:39.548]',0.545,0.395,1.291,0.399,1.344,74.165
'[17:07:39.556]',0.555,0.390,1.300,0.401,1.323,72.055
